{
  "data":[
    {"id":0,"name":"Passacaglia","url":"musics/Passacaglia.json","best":0,"speed":16,"isOpen":1,"isWin":0,"tapTimes":0},
    {"id":1,"name":"Red Berries in Blossom","url":"musics/Red-Berries-in-Blossom.json","best":0,"speed":18,"isOpen":0,"isWin":0,"tapTimes":0},
    {"id":2,"name":"Marche Militaire","url":"musics/Marche-Militaire.json","best":0,"speed":19,"isOpen":0,"isWin":0,"tapTimes":0},
    {"id":3,"name":"Wedding March","url":"musics/Wedding-March.json","best":0,"speed":19,"isOpen":0,"isWin":0,"tapTimes":0},
    {"id":4,"name":"Sonata Pathetique Mvt.3","url":"musics/Sonata-Pathetique-Mvt-3.json","best":0,"speed":20,"isOpen":0,"isWin":0,"tapTimes":0},
    {"id":5,"name":"Etude Op.10 No.12","url":"musics/Etude-Op-10-No-12.json","best":0,"speed":21,"isOpen":0,"isWin":0,"tapTimes":0},
    {"id":6,"name":"Polka Italienne","url":"musics/Polka-Italienne.json","best":0,"speed":22,"isOpen":0,"isWin":0,"tapTimes":0}
  ]
}
