{
	"groups": [
		{
			"keys": "checkbox_select_disabled_png,checkbox_select_down_png,checkbox_select_up_png,checkbox_unselect_png,selected_png,border_png,header_png,radiobutton_select_disabled_png,radiobutton_select_down_png,radiobutton_select_up_png,radiobutton_unselect_png,roundthumb_png,thumb_png,track_png,tracklight_png,handle_png,off_png,on_png,button_down_png,button_up_png,thumb_pb_png,track_pb_png,track_sb_png,minilogo_png,rotate_png,f2_mp3,g2_mp3,a2_mp3,c2_mp3,d2_mp3,e2_mp3,2_png,3_png,4_png,5_png,6_png,7_png,8_png,9_png,10_png,11_png,12_png,13_png,14_png,15_png,16_png,17_png,18_png,19_png,20_png,21_png,22_png,0_png,1_png,132_png,92_png,152_png,b1_mp3,_f2_mp3,c3_mp3,b2_mp3,d3_mp3,e3_mp3,g3_mp3,f3_mp3,a3_mp3,c4_mp3,g1_mp3,a1_mp3,c1_mp3,f1_mp3,e1_mp3,d1_mp3,tile_white_png,game_json,game_png,a11_jpg,a7_jpg,wbk_jpg,Movie_cycle_mp3,NewBest_mp3,FailPage_mp3,g_mp3,a_mp3,A-1_mp3,A-2_mp3,A-3_mp3,a4_mp3,b_mp3,B-1_mp3,B-2_mp3,b3_mp3,B-3_mp3,b4_mp3,c_mp3,C-1_mp3,C-2_mp3,c5_mp3,d_mp3,D-1_mp3,D-2_mp3,d4_mp3,e_mp3,E-1_mp3,E-2_mp3,e4_mp3,empty_mp3,f_mp3,F-1_mp3,F-2_mp3,f4_mp3,G-1_mp3,G-2_mp3,g4_mp3,mute_mp3,_a_mp3,_a1_mp3,_A-1_mp3,_a2_mp3,_A-2_mp3,_a3_mp3,_A-3_mp3,_a4_mp3,_c_mp3,_c1_mp3,_C-1_mp3,_c2_mp3,_C-2_mp3,_c3_mp3,_c4_mp3,_d_mp3,_d1_mp3,_D-1_mp3,_d2_mp3,_D-2_mp3,_d3_mp3,_d4_mp3,_f_mp3,_f1_mp3,_F-1_mp3,_F-2_mp3,_f3_mp3,_f4_mp3,_g_mp3,_g1_mp3,_G-1_mp3,_g2_mp3,_G-2_mp3,_g3_mp3,_g4_mp3,song_json,z11_jpg,asd_jpg,9x_png",
			"name": "preload"
		}
	],
	"resources": [
		{
			"url": "assets/CheckBox/checkbox_select_disabled.png",
			"type": "image",
			"name": "checkbox_select_disabled_png"
		},
		{
			"url": "assets/CheckBox/checkbox_select_down.png",
			"type": "image",
			"name": "checkbox_select_down_png"
		},
		{
			"url": "assets/CheckBox/checkbox_select_up.png",
			"type": "image",
			"name": "checkbox_select_up_png"
		},
		{
			"url": "assets/CheckBox/checkbox_unselect.png",
			"type": "image",
			"name": "checkbox_unselect_png"
		},
		{
			"url": "assets/ItemRenderer/selected.png",
			"type": "image",
			"name": "selected_png"
		},
		{
			"url": "assets/Panel/border.png",
			"type": "image",
			"name": "border_png"
		},
		{
			"url": "assets/Panel/header.png",
			"type": "image",
			"name": "header_png"
		},
		{
			"url": "assets/RadioButton/radiobutton_select_disabled.png",
			"type": "image",
			"name": "radiobutton_select_disabled_png"
		},
		{
			"url": "assets/RadioButton/radiobutton_select_down.png",
			"type": "image",
			"name": "radiobutton_select_down_png"
		},
		{
			"url": "assets/RadioButton/radiobutton_select_up.png",
			"type": "image",
			"name": "radiobutton_select_up_png"
		},
		{
			"url": "assets/RadioButton/radiobutton_unselect.png",
			"type": "image",
			"name": "radiobutton_unselect_png"
		},
		{
			"url": "assets/ScrollBar/roundthumb.png",
			"type": "image",
			"name": "roundthumb_png"
		},
		{
			"url": "assets/Slider/thumb.png",
			"type": "image",
			"name": "thumb_png"
		},
		{
			"url": "assets/Slider/track.png",
			"type": "image",
			"name": "track_png"
		},
		{
			"url": "assets/Slider/tracklight.png",
			"type": "image",
			"name": "tracklight_png"
		},
		{
			"url": "assets/ToggleSwitch/handle.png",
			"type": "image",
			"name": "handle_png"
		},
		{
			"url": "assets/ToggleSwitch/off.png",
			"type": "image",
			"name": "off_png"
		},
		{
			"url": "assets/ToggleSwitch/on.png",
			"type": "image",
			"name": "on_png"
		},
		{
			"url": "assets/Button/button_down.png",
			"type": "image",
			"name": "button_down_png"
		},
		{
			"url": "assets/Button/button_up.png",
			"type": "image",
			"name": "button_up_png"
		},
		{
			"url": "assets/ProgressBar/thumb_pb.png",
			"type": "image",
			"name": "thumb_pb_png"
		},
		{
			"url": "assets/ProgressBar/track_pb.png",
			"type": "image",
			"name": "track_pb_png"
		},
		{
			"url": "assets/ScrollBar/track_sb.png",
			"type": "image",
			"name": "track_sb_png"
		},
		{
			"url": "img/minilogo.png",
			"type": "image",
			"name": "minilogo_png"
		},
		{
			"name": "rotate_png",
			"type": "image",
			"url": "img/rotate.png"
		},
		{
			"name": "f2_mp3",
			"type": "sound",
			"url": "sound/f2.mp3"
		},
		{
			"name": "g2_mp3",
			"type": "sound",
			"url": "sound/g2.mp3"
		},
		{
			"name": "a2_mp3",
			"type": "sound",
			"url": "sound/a2.mp3"
		},
		{
			"name": "c2_mp3",
			"type": "sound",
			"url": "sound/c2.mp3"
		},
		{
			"name": "d2_mp3",
			"type": "sound",
			"url": "sound/d2.mp3"
		},
		{
			"name": "e2_mp3",
			"type": "sound",
			"url": "sound/e2.mp3"
		},
		{
			"name": "2_png",
			"type": "image",
			"url": "assets/contents/bg/2.png"
		},
		{
			"name": "3_png",
			"type": "image",
			"url": "assets/contents/bg/3.png"
		},
		{
			"name": "4_png",
			"type": "image",
			"url": "assets/contents/bg/4.png"
		},
		{
			"name": "5_png",
			"type": "image",
			"url": "assets/contents/bg/5.png"
		},
		{
			"name": "6_png",
			"type": "image",
			"url": "assets/contents/bg/6.png"
		},
		{
			"name": "7_png",
			"type": "image",
			"url": "assets/contents/bg/7.png"
		},
		{
			"name": "8_png",
			"type": "image",
			"url": "assets/contents/bg/8.png"
		},
		{
			"name": "9_png",
			"type": "image",
			"url": "assets/contents/bg/9.png"
		},
		{
			"name": "10_png",
			"type": "image",
			"url": "assets/contents/bg/10.png"
		},
		{
			"name": "11_png",
			"type": "image",
			"url": "assets/contents/bg/11.png"
		},
		{
			"name": "12_png",
			"type": "image",
			"url": "assets/contents/bg/12.png"
		},
		{
			"name": "13_png",
			"type": "image",
			"url": "assets/contents/bg/13.png"
		},
		{
			"name": "14_png",
			"type": "image",
			"url": "assets/contents/bg/14.png"
		},
		{
			"name": "15_png",
			"type": "image",
			"url": "assets/contents/bg/15.png"
		},
		{
			"name": "16_png",
			"type": "image",
			"url": "assets/contents/bg/16.png"
		},
		{
			"name": "17_png",
			"type": "image",
			"url": "assets/contents/bg/17.png"
		},
		{
			"name": "18_png",
			"type": "image",
			"url": "assets/contents/bg/18.png"
		},
		{
			"name": "19_png",
			"type": "image",
			"url": "assets/contents/bg/19.png"
		},
		{
			"name": "20_png",
			"type": "image",
			"url": "assets/contents/bg/20.png"
		},
		{
			"name": "21_png",
			"type": "image",
			"url": "assets/contents/bg/21.png"
		},
		{
			"name": "22_png",
			"type": "image",
			"url": "assets/contents/bg/22.png"
		},
		{
			"name": "0_png",
			"type": "image",
			"url": "assets/contents/bg/0.png"
		},
		{
			"name": "1_png",
			"type": "image",
			"url": "assets/contents/bg/1.png"
		},
		{
			"name": "132_png",
			"type": "image",
			"url": "assets/contents/tiles/13.png"
		},
		{
			"name": "92_png",
			"type": "image",
			"url": "assets/contents/tiles/9.png"
		},
		{
			"name": "152_png",
			"type": "image",
			"url": "assets/contents/tiles/15.png"
		},
		{
			"name": "b1_mp3",
			"type": "sound",
			"url": "sound/b1.mp3"
		},
		{
			"name": "_f2_mp3",
			"type": "sound",
			"url": "sound/_f2.mp3"
		},
		{
			"name": "c3_mp3",
			"type": "sound",
			"url": "sound/c3.mp3"
		},
		{
			"name": "b2_mp3",
			"type": "sound",
			"url": "sound/b2.mp3"
		},
		{
			"name": "d3_mp3",
			"type": "sound",
			"url": "sound/d3.mp3"
		},
		{
			"name": "e3_mp3",
			"type": "sound",
			"url": "sound/e3.mp3"
		},
		{
			"name": "g3_mp3",
			"type": "sound",
			"url": "sound/g3.mp3"
		},
		{
			"name": "f3_mp3",
			"type": "sound",
			"url": "sound/f3.mp3"
		},
		{
			"name": "a3_mp3",
			"type": "sound",
			"url": "sound/a3.mp3"
		},
		{
			"name": "c4_mp3",
			"type": "sound",
			"url": "sound/c4.mp3"
		},
		{
			"name": "g1_mp3",
			"type": "sound",
			"url": "sound/g1.mp3"
		},
		{
			"name": "a1_mp3",
			"type": "sound",
			"url": "sound/a1.mp3"
		},
		{
			"name": "c1_mp3",
			"type": "sound",
			"url": "sound/c1.mp3"
		},
		{
			"name": "f1_mp3",
			"type": "sound",
			"url": "sound/f1.mp3"
		},
		{
			"name": "e1_mp3",
			"type": "sound",
			"url": "sound/e1.mp3"
		},
		{
			"name": "d1_mp3",
			"type": "sound",
			"url": "sound/d1.mp3"
		},
		{
			"name": "tile_white_png",
			"type": "image",
			"url": "assets/contents/tiles/tile_white.png"
		},
		{
			"name": "game_json",
			"type": "json",
			"url": "swfs/game.json"
		},
		{
			"name": "game_png",
			"type": "image",
			"url": "swfs/game.png"
		},
		{
			"name": "a11_jpg",
			"type": "image",
			"url": "swfs/game/a11.jpg"
		},
		{
			"name": "a7_jpg",
			"type": "image",
			"url": "swfs/game/a7.jpg"
		},
		{
			"name": "wbk_jpg",
			"type": "image",
			"url": "swfs/game/wbk.jpg"
		},
		{
			"name": "Movie_cycle_mp3",
			"type": "sound",
			"url": "sound/Movie_cycle.mp3"
		},
		{
			"name": "NewBest_mp3",
			"type": "sound",
			"url": "sound/NewBest.mp3"
		},
		{
			"name": "FailPage_mp3",
			"type": "sound",
			"url": "sound/FailPage.mp3"
		},
		{
			"name": "g_mp3",
			"type": "sound",
			"url": "sound/g.mp3"
		},
		{
			"name": "a_mp3",
			"type": "sound",
			"url": "sound/a.mp3"
		},
		{
			"name": "A-1_mp3",
			"type": "sound",
			"url": "sound/A-1.mp3"
		},
		{
			"name": "A-2_mp3",
			"type": "sound",
			"url": "sound/A-2.mp3"
		},
		{
			"name": "A-3_mp3",
			"type": "sound",
			"url": "sound/A-3.mp3"
		},
		{
			"name": "a4_mp3",
			"type": "sound",
			"url": "sound/a4.mp3"
		},
		{
			"name": "b_mp3",
			"type": "sound",
			"url": "sound/b.mp3"
		},
		{
			"name": "B-1_mp3",
			"type": "sound",
			"url": "sound/B-1.mp3"
		},
		{
			"name": "B-2_mp3",
			"type": "sound",
			"url": "sound/B-2.mp3"
		},
		{
			"name": "b3_mp3",
			"type": "sound",
			"url": "sound/b3.mp3"
		},
		{
			"name": "B-3_mp3",
			"type": "sound",
			"url": "sound/B-3.mp3"
		},
		{
			"name": "b4_mp3",
			"type": "sound",
			"url": "sound/b4.mp3"
		},
		{
			"name": "c_mp3",
			"type": "sound",
			"url": "sound/c.mp3"
		},
		{
			"name": "C-1_mp3",
			"type": "sound",
			"url": "sound/C-1.mp3"
		},
		{
			"name": "C-2_mp3",
			"type": "sound",
			"url": "sound/C-2.mp3"
		},
		{
			"name": "c5_mp3",
			"type": "sound",
			"url": "sound/c5.mp3"
		},
		{
			"name": "d_mp3",
			"type": "sound",
			"url": "sound/d.mp3"
		},
		{
			"name": "D-1_mp3",
			"type": "sound",
			"url": "sound/D-1.mp3"
		},
		{
			"name": "D-2_mp3",
			"type": "sound",
			"url": "sound/D-2.mp3"
		},
		{
			"name": "d4_mp3",
			"type": "sound",
			"url": "sound/d4.mp3"
		},
		{
			"name": "e_mp3",
			"type": "sound",
			"url": "sound/e.mp3"
		},
		{
			"name": "E-1_mp3",
			"type": "sound",
			"url": "sound/E-1.mp3"
		},
		{
			"name": "E-2_mp3",
			"type": "sound",
			"url": "sound/E-2.mp3"
		},
		{
			"name": "e4_mp3",
			"type": "sound",
			"url": "sound/e4.mp3"
		},
		{
			"name": "empty_mp3",
			"type": "sound",
			"url": "sound/empty.mp3"
		},
		{
			"name": "f_mp3",
			"type": "sound",
			"url": "sound/f.mp3"
		},
		{
			"name": "F-1_mp3",
			"type": "sound",
			"url": "sound/F-1.mp3"
		},
		{
			"name": "F-2_mp3",
			"type": "sound",
			"url": "sound/F-2.mp3"
		},
		{
			"name": "f4_mp3",
			"type": "sound",
			"url": "sound/f4.mp3"
		},
		{
			"name": "G-1_mp3",
			"type": "sound",
			"url": "sound/G-1.mp3"
		},
		{
			"name": "G-2_mp3",
			"type": "sound",
			"url": "sound/G-2.mp3"
		},
		{
			"name": "g4_mp3",
			"type": "sound",
			"url": "sound/g4.mp3"
		},
		{
			"name": "mute_mp3",
			"type": "sound",
			"url": "sound/mute.mp3"
		},
		{
			"name": "_a_mp3",
			"type": "sound",
			"url": "sound/_a.mp3"
		},
		{
			"name": "_a1_mp3",
			"type": "sound",
			"url": "sound/_a1.mp3"
		},
		{
			"name": "_A-1_mp3",
			"type": "sound",
			"url": "sound/_A-1.mp3"
		},
		{
			"name": "_a2_mp3",
			"type": "sound",
			"url": "sound/_a2.mp3"
		},
		{
			"name": "_A-2_mp3",
			"type": "sound",
			"url": "sound/_A-2.mp3"
		},
		{
			"name": "_a3_mp3",
			"type": "sound",
			"url": "sound/_a3.mp3"
		},
		{
			"name": "_A-3_mp3",
			"type": "sound",
			"url": "sound/_A-3.mp3"
		},
		{
			"name": "_a4_mp3",
			"type": "sound",
			"url": "sound/_a4.mp3"
		},
		{
			"name": "_c_mp3",
			"type": "sound",
			"url": "sound/_c.mp3"
		},
		{
			"name": "_c1_mp3",
			"type": "sound",
			"url": "sound/_c1.mp3"
		},
		{
			"name": "_C-1_mp3",
			"type": "sound",
			"url": "sound/_C-1.mp3"
		},
		{
			"name": "_c2_mp3",
			"type": "sound",
			"url": "sound/_c2.mp3"
		},
		{
			"name": "_C-2_mp3",
			"type": "sound",
			"url": "sound/_C-2.mp3"
		},
		{
			"name": "_c3_mp3",
			"type": "sound",
			"url": "sound/_c3.mp3"
		},
		{
			"name": "_c4_mp3",
			"type": "sound",
			"url": "sound/_c4.mp3"
		},
		{
			"name": "_d_mp3",
			"type": "sound",
			"url": "sound/_d.mp3"
		},
		{
			"name": "_d1_mp3",
			"type": "sound",
			"url": "sound/_d1.mp3"
		},
		{
			"name": "_D-1_mp3",
			"type": "sound",
			"url": "sound/_D-1.mp3"
		},
		{
			"name": "_d2_mp3",
			"type": "sound",
			"url": "sound/_d2.mp3"
		},
		{
			"name": "_D-2_mp3",
			"type": "sound",
			"url": "sound/_D-2.mp3"
		},
		{
			"name": "_d3_mp3",
			"type": "sound",
			"url": "sound/_d3.mp3"
		},
		{
			"name": "_d4_mp3",
			"type": "sound",
			"url": "sound/_d4.mp3"
		},
		{
			"name": "_f_mp3",
			"type": "sound",
			"url": "sound/_f.mp3"
		},
		{
			"name": "_f1_mp3",
			"type": "sound",
			"url": "sound/_f1.mp3"
		},
		{
			"name": "_F-1_mp3",
			"type": "sound",
			"url": "sound/_F-1.mp3"
		},
		{
			"name": "_F-2_mp3",
			"type": "sound",
			"url": "sound/_F-2.mp3"
		},
		{
			"name": "_f3_mp3",
			"type": "sound",
			"url": "sound/_f3.mp3"
		},
		{
			"name": "_f4_mp3",
			"type": "sound",
			"url": "sound/_f4.mp3"
		},
		{
			"name": "_g_mp3",
			"type": "sound",
			"url": "sound/_g.mp3"
		},
		{
			"name": "_g1_mp3",
			"type": "sound",
			"url": "sound/_g1.mp3"
		},
		{
			"name": "_G-1_mp3",
			"type": "sound",
			"url": "sound/_G-1.mp3"
		},
		{
			"name": "_g2_mp3",
			"type": "sound",
			"url": "sound/_g2.mp3"
		},
		{
			"name": "_G-2_mp3",
			"type": "sound",
			"url": "sound/_G-2.mp3"
		},
		{
			"name": "_g3_mp3",
			"type": "sound",
			"url": "sound/_g3.mp3"
		},
		{
			"name": "_g4_mp3",
			"type": "sound",
			"url": "sound/_g4.mp3"
		},
		{
			"name": "song_json",
			"type": "json",
			"url": "songs/song.json"
		},
		{
			"name": "z11_jpg",
			"type": "image",
			"url": "swfs/game/z11.jpg"
		},
		{
			"name": "asd_jpg",
			"type": "image",
			"url": "swfs/game/asd.jpg"
		},
		{
			"name": "9x_png",
			"type": "image",
			"url": "assets/contents/tiles/9x.png"
		}
	]
}