{"frames":{"game_0022":{"sourceSize":"{96.00,96.00}","frame":"{{224,476},{96,96}}","offset":"{0.00,0.00}"},"game_0009":{"sourceSize":"{53.00,53.00}","frame":"{{224,672},{53,53}}","offset":"{0.00,0.00}"},"game_0023":{"sourceSize":"{96.00,96.00}","frame":"{{224,574},{96,96}}","offset":"{0.00,0.00}"},"game_0008":{"sourceSize":"{197.00,89.00}","frame":"{{483,1},{197,89}}","offset":"{0.00,0.00}"},"game_0007":{"sourceSize":"{41.00,41.00}","frame":"{{682,48},{41,41}}","offset":"{0.00,0.00}"},"game_0024":{"sourceSize":"{221.00,220.00}","frame":"{{1,476},{221,220}}","offset":"{0.00,0.00}"},"game_0006":{"sourceSize":"{45.00,45.00}","frame":"{{682,1},{45,45}}","offset":"{0.00,0.00}"},"game_0018":{"sourceSize":"{45.00,45.00}","frame":"{{660,662},{45,45}}","offset":"{0.00,0.00}"},"game_0017":{"sourceSize":"{162.00,149.00}","frame":"{{483,92},{162,149}}","offset":"{0.00,0.00}"},"game_0005":{"sourceSize":"{480.00,137.00}","frame":"{{1,141},{480,137}}","offset":"{0.00,0.00}"},"game_0004":{"sourceSize":"{136.00,61.00}","frame":"{{576,243},{136,61}}","offset":"{0.00,0.00}"},"game_0025":{"sourceSize":"{88.00,119.00}","frame":"{{758,420},{88,119}}","offset":"{0.00,0.00}"},"game_0019":{"sourceSize":"{45.00,45.00}","frame":"{{279,672},{45,45}}","offset":"{0.00,0.00}"},"game_0002":{"sourceSize":"{212.00,66.00}","frame":"{{362,280},{212,66}}","offset":"{0.00,0.00}"},"game_0003":{"sourceSize":"{326.00,326.00}","frame":"{{332,380},{326,326}}","offset":"{0.00,0.00}"},"game_0001":{"sourceSize":"{51.00,58.00}","frame":"{{576,306},{51,58}}","offset":"{0.00,0.00}"},"game_0015":{"sourceSize":"{133.00,112.00}","frame":"{{660,306},{133,112}}","offset":"{0.00,0.00}"},"game_0000":{"sourceSize":"{480.00,138.00}","frame":"{{1,1},{480,138}}","offset":"{0.00,0.00}"},"game_0020":{"sourceSize":"{96.00,95.00}","frame":"{{660,518},{96,95}}","offset":"{0.00,0.00}"},"game_0014":{"sourceSize":"{329.00,94.00}","frame":"{{1,380},{329,94}}","offset":"{0.00,0.00}"},"game_0013":{"sourceSize":"{116.00,28.00}","frame":"{{1,698},{116,28}}","offset":"{0.00,0.00}"},"game_0021":{"sourceSize":"{96.00,96.00}","frame":"{{660,420},{96,96}}","offset":"{0.00,0.00}"},"game_0012":{"sourceSize":"{67.00,28.00}","frame":"{{119,698},{67,28}}","offset":"{0.00,0.00}"},"game_0010":{"sourceSize":"{359.00,98.00}","frame":"{{1,280},{359,98}}","offset":"{0.00,0.00}"},"game_0011":{"sourceSize":"{45.00,45.00}","frame":"{{660,615},{45,45}}","offset":"{0.00,0.00}"},"game_0016":{"sourceSize":"{162.00,149.00}","frame":"{{647,92},{162,149}}","offset":"{0.00,0.00}"}},"metadata":{"app":"http://flax.longames.com","realTextureFileName":"game.png","version":2.58,"format":2,"textureFileName":"game.png","image":"game.png","size":"{882,728}","fps":24},"displays":{"a21":{"start":11,"end":11,"type":"null","anchorX":0,"anchorY":1},"a11":{"type":"jpg","url":"game/a11.jpg","anchorX":0,"anchorY":1},"z11":{"type":"jpg","url":"game/z11.jpg","anchorX":0,"anchorY":0.95579},"a17":{"start":6,"end":6,"type":"null","anchorX":0.5,"anchorY":0.5},"a20":{"start":10,"end":10,"type":"null","anchorX":0.50111,"anchorY":0.50255},"butback":{"start":19,"end":19,"type":"null","anchorX":0.5,"anchorY":0.5},"asd":{"type":"jpg","url":"game/asd.jpg","anchorX":0,"anchorY":1},"wbk":{"type":"jpg","url":"game/wbk.jpg","anchorX":0,"anchorY":1},"a16":{"start":5,"end":5,"type":"null","anchorX":0,"anchorY":1},"a6":{"start":15,"end":15,"type":"null","anchorX":0.5,"anchorY":0.5},"home":{"start":23,"end":23,"type":"null","anchorX":0.50469,"anchorY":0.50677},"a5":{"start":14,"end":14,"type":"null","anchorX":0.50137,"anchorY":0.5},"bumu":{"start":18,"end":18,"type":"null","anchorX":0.5,"anchorY":0.5},"butqp":{"start":22,"end":22,"type":"null","anchorX":0.50469,"anchorY":0.50365},"a2":{"start":9,"end":9,"type":"null","anchorX":0,"anchorY":1},"a4":{"start":13,"end":13,"type":"null","anchorX":0.49397,"anchorY":0.4875},"a12":{"start":2,"end":2,"type":"null","anchorX":0,"anchorY":1},"a7":{"type":"jpg","url":"game/a7.jpg","anchorX":0,"anchorY":1},"a9":{"start":17,"end":17,"type":"null","anchorX":0.5,"anchorY":0.5},"butmore":{"start":21,"end":21,"type":"null","anchorX":0.49583,"anchorY":0.5099},"a1":{"start":1,"end":1,"type":"null","anchorX":0,"anchorY":1},"a3":{"start":12,"end":12,"type":"null","anchorX":0.49627,"anchorY":0.5},"a8":{"start":16,"end":16,"type":"null","anchorX":0.5,"anchorY":0.5},"a15":{"start":4,"end":4,"type":"null","anchorX":0.49743,"anchorY":0.51311},"a19":{"start":8,"end":8,"type":"null","anchorX":0.5,"anchorY":0.49944},"a16a":{"start":0,"end":0,"type":"null","anchorX":0,"anchorY":1},"buti":{"start":20,"end":20,"type":"null","anchorX":0.50729,"anchorY":0.50053},"a13":{"start":3,"end":3,"type":"null","anchorX":0.50184,"anchorY":0.49509},"a18":{"start":7,"end":7,"type":"null","anchorX":0.50122,"anchorY":0.49756},"homebtn":{"start":24,"end":24,"type":"null","anchorX":0.50294,"anchorY":0.49955},"shou":{"start":25,"end":25,"type":"null","anchorX":0.5,"anchorY":1}},"mcs":{"a22":{"children":{"txt":{"frames":"0.00,82.10,0.00,1.00000,1.00000,1.00,0,0.00,0.00,Futura Condensed Medium,65,#FFFFFF,center,342,82","zIndex":0,"text":"Loading Erro","class":"null","input":false}},"totalFrames":1,"anchorX":0.5,"rect":"0,0,341.50,82.10","type":"null","anchorY":0.5},"butmu":{"children":{"i3187":{"frames":"null|0.00,45.00,0.00,1.00000,1.00000,1.00,0,0.00,0.00","zIndex":0,"class":"a21"},"i3185":{"frames":"22.50,22.50,0.00,1.00000,1.00000,1.00,0,0.00,0.00|null","zIndex":0,"class":"bumu"}},"totalFrames":2,"anchorX":0.48667,"rect":"0,0,45.00,45.00","type":"null","anchorY":0.51333},"selectview":{"children":{"f_btn":{"frames":"444.60,695.40,0.00,0.47220,0.47220,1.00,3,0.00,0.00","zIndex":3,"class":"butqp"},"bk":{"frames":"0.00,800.00,0.00,1.00000,1.00000,1.00,0,0.00,0.00","zIndex":0,"class":"z11"},"s_btn":{"frames":"444.10,751.15,0.00,1.00000,1.00000,1.00,4,0.00,0.00","zIndex":4,"class":"butmu"},"i1872":{"frames":"240.00,723.00,0.00,1.00000,1.00000,1.00,1,0.00,0.00","zIndex":1,"class":"a15"},"back_btn":{"frames":"38.00,695.40,0.00,1.00000,1.00000,1.00,2,0.00,0.00","zIndex":2,"class":"butback"}},"totalFrames":1,"anchorX":0,"rect":"0,0,480.00,837.00","type":"null","anchorY":0.95579},"overback":{"children":{"i1804":{"frames":"241.20,609.65,0.00,1.00000,1.00000,1.00,1,0.00,0.00","zIndex":1,"class":"a20"},"replay_btn":{"frames":"249.60,167.10,0.00,1.00000,1.00000,1.00,5,0.00,0.00","zIndex":5,"class":"replaybtn"},"nm_txt":{"frames":"0.00,723.75,0.00,1.00000,1.00000,1.00,11,0.00,0.00,Arial,32,#FFFFFF,center,477,46","zIndex":11,"text":"We Wish You a Merry Christmas","class":"null","input":false},"count_txt":{"frames":"130.20,474.85,0.00,1.00000,1.00000,1.00,2,0.00,0.00,Arial,96,#FFFFFF,center,218,111","zIndex":2,"text":"9999","class":"null","input":false},"best_txt":{"frames":"130.20,354.60,0.00,1.00000,1.00000,1.00,3,0.00,0.00,Arial,40,#FFFFFF,center,218,49","zIndex":3,"text":"9999","class":"null","input":false},"select_btn":{"frames":"69.30,61.10,0.00,0.43901,0.43901,1.00,4,0.00,0.00","zIndex":4,"class":"homebtn"},"h2":{"frames":"239.10,608.95,0.00,0.59999,0.59999,1.00,9,0.00,0.00","zIndex":9,"class":"hg"},"home_btn":{"frames":"411.40,62.10,0.00,1.00000,1.00000,1.00,7,0.00,0.00","zIndex":7,"class":"home"},"h3":{"frames":"367.15,608.95,0.00,0.59999,0.59999,1.00,10,0.00,0.00","zIndex":10,"class":"hg"},"h1":{"frames":"114.05,608.95,0.00,0.59999,0.59999,1.00,8,0.00,0.00","zIndex":8,"class":"hg"},"bk":{"frames":"0.00,800.35,0.00,1.00000,1.00000,1.00,0,0.00,0.00","zIndex":0,"class":"a7"},"m_btn":{"frames":"246.00,61.00,0.00,1.00000,1.00000,1.00,6,0.00,0.00","zIndex":6,"class":"butmore"}},"totalFrames":1,"anchorX":0,"rect":"0,0,480.00,800.35","type":"null","anchorY":1},"loadingView":{"children":{"icon":{"frames":"250.20,516.85,0.00,0.54218,0.54218,1.00,1,0.00,0.00","zIndex":1,"class":"a13"},"txt":{"frames":"245.45,333.90,0.00,1.00000,1.00000,1.00,2,0.00,0.00","zIndex":2,"class":"a22"}},"totalFrames":1,"anchorX":0.0001,"rect":"0,0,480.00,800.00","type":"null","anchorY":1},"winback":{"children":{"replay_btn":{"frames":"249.60,166.75,0.00,1.00000,1.00000,1.00,5,0.00,0.00","zIndex":5,"class":"replaybtn"},"nm_txt":{"frames":"0.00,723.40,0.00,1.00000,1.00000,1.00,11,0.00,0.00,Arial,32,#FFFFFF,center,477,46","zIndex":11,"text":"We Wish You a Merry Christmas","class":"null","input":false},"best_txt":{"frames":"130.20,354.25,0.00,1.00000,1.00000,1.00,3,0.00,0.00,Arial,40,#FFFFFF,center,218,49","zIndex":3,"text":"9999","class":"null","input":false},"count_txt":{"frames":"130.20,474.50,0.00,1.00000,1.00000,1.00,2,0.00,0.00,Arial,96,#FFFFFF,center,218,111","zIndex":2,"text":"9999","class":"null","input":false},"select_btn":{"frames":"69.30,60.75,0.00,0.43901,0.43901,1.00,4,0.00,0.00","zIndex":4,"class":"homebtn"},"h2":{"frames":"239.10,608.60,0.00,0.59999,0.59999,1.00,9,0.00,0.00","zIndex":9,"class":"hg"},"home_btn":{"frames":"411.40,61.75,0.00,1.00000,1.00000,1.00,7,0.00,0.00","zIndex":7,"class":"home"},"h3":{"frames":"367.15,608.60,0.00,0.59999,0.59999,1.00,10,0.00,0.00","zIndex":10,"class":"hg"},"h1":{"frames":"114.05,608.60,0.00,0.59999,0.59999,1.00,8,0.00,0.00","zIndex":8,"class":"hg"},"bk":{"frames":"0.00,800.00,0.00,1.00000,1.00000,1.00,0,0.00,0.00","zIndex":0,"class":"asd"},"i1940":{"frames":"241.20,609.30,0.00,1.00000,1.00000,1.00,1,0.00,0.00","zIndex":1,"class":"a20"},"m_btn":{"frames":"246.00,60.65,0.00,1.00000,1.00000,1.00,6,0.00,0.00","zIndex":6,"class":"butmore"}},"totalFrames":1,"anchorX":0,"rect":"0,0,480.00,800.00","type":"null","anchorY":1},"hg":{"children":{"i3189":{"frames":"81.00,74.50,0.00,1.00000,1.00000,1.00,0,0.00,0.00|null","zIndex":0,"class":"a8"},"i3191":{"frames":"null|81.00,74.50,0.00,1.00000,1.00000,1.00,0,0.00,0.00","zIndex":0,"class":"a9"}},"totalFrames":2,"anchorX":0.5,"rect":"0,0,162.00,149.00","type":"null","anchorY":0.5},"itemview":{"children":{"h3":{"frames":"241.35,39.70,0.00,0.28395,0.28389,1.00,5,0.00,0.00","zIndex":5,"class":"hg"},"id_txt":{"frames":"19.50,126.95,0.00,1.00000,1.00000,1.00,1,0.00,0.00,Futura Condensed Medium,30,#FFFFFF,center,43,40","zIndex":1,"text":"1","class":"null","input":false},"h2":{"frames":"189.30,39.70,0.00,0.28395,0.28389,1.00,4,0.00,0.00","zIndex":4,"class":"hg"},"nm_txt":{"frames":"109.65,127.00,0.00,1.00000,1.00000,1.00,2,0.00,0.00,Futura Condensed Medium,20,#333333,left,354,28","zIndex":2,"text":"Little star","class":"null","input":false},"best_txt":{"frames":"171.25,84.10,0.00,1.00000,1.00000,1.00,6,0.00,0.00,Futura Condensed Medium,16,#000000,left,92,23","zIndex":6,"text":"Best  9999","class":"null","input":false},"best_mc":{"frames":"138.05,73.00,0.00,0.50546,0.50488,1.00,7,0.00,0.00","zIndex":7,"class":"a4"},"h1":{"frames":"131.25,39.70,0.00,0.28395,0.28389,1.00,3,0.00,0.00","zIndex":3,"class":"hg"},"bk":{"frames":"0.00,136.55,0.00,1.00000,1.00000,1.00,0,0.00,0.00","zIndex":0,"class":"a14"}},"totalFrames":1,"anchorX":0,"rect":"0,0,480.00,136.55","type":"null","anchorY":1},"index":{"children":{"play_btn":{"frames":"131.75,280.80,0.00,1.00000,1.00000,1.00,6,0.00,0.00","zIndex":6,"class":"a12"},"icon":{"frames":"246.10,516.80,0.00,1.00000,1.00000,1.00,1,0.00,0.00","zIndex":1,"class":"a13"},"i_btn":{"frames":"244.80,98.35,0.00,1.00000,1.00000,1.00,2,0.00,0.00","zIndex":2,"class":"buti"},"bk":{"frames":"0.00,800.00,0.00,1.00000,1.00000,1.00,0,0.00,0.00","zIndex":0,"class":"a11"},"s_btn":{"frames":"446.40,768.10,0.00,1.00000,1.00000,1.00,5,0.00,0.00","zIndex":5,"class":"butmu"},"m_btn":{"frames":"111.70,98.75,0.00,1.00000,1.00000,1.00,4,0.00,0.00","zIndex":4,"class":"butmore"},"f_btn":{"frames":"379.05,98.15,0.00,1.00000,1.00000,1.00,3,0.00,0.00","zIndex":3,"class":"butqp"}},"totalFrames":1,"anchorX":0,"rect":"0,0,547.95,800.00","type":"null","anchorY":1},"replaybtn":{"children":{"i1845":{"frames":"98.60,44.15,0.00,0.53383,0.53352,1.00,1,0.00,0.00","zIndex":1,"class":"a6"},"i1843":{"frames":"98.50,44.55,0.00,1.00000,1.00000,1.00,0,0.00,0.00","zIndex":0,"class":"a19"}},"totalFrames":1,"anchorX":0.50051,"rect":"0,0,197.00,89.10","type":"null","anchorY":0.49551},"startview":{"children":{"f_btn":{"frames":"381.35,28.75,0.00,0.47220,0.47220,1.00,7,0.00,0.00","zIndex":7,"class":"butqp"},"i1903":{"frames":"13.60,125.70,0.00,1.00000,1.00000,1.00,1,0.00,0.00","zIndex":1,"class":"a1"},"nm_txt":{"frames":"180.10,173.55,0.00,1.00000,1.00000,1.00,5,0.00,0.00,Arial,20,#000000,left,290,26","zIndex":5,"text":"little","class":"null","input":false},"best_txt":{"frames":"236.10,110.35,0.00,1.00000,1.00000,1.00,6,0.00,0.00,Arial,30,#000000,left,220,38","zIndex":6,"text":"little","class":"null","input":false},"i1905":{"frames":"13.60,189.85,0.00,1.00000,1.00000,1.00,2,0.00,0.00","zIndex":2,"class":"a2"},"s_btn":{"frames":"434.00,29.35,0.00,1.00000,1.00000,1.00,9,0.00,0.00","zIndex":9,"class":"butmu"},"bk":{"frames":"0.00,200.00,0.00,0.66667,0.66667,1.00,0,0.00,0.00","zIndex":0,"class":"wbk"},"i1909":{"frames":"159.90,96.70,0.00,1.00000,1.00000,1.00,4,0.00,0.00","zIndex":4,"class":"a4"},"m_btn":{"frames":"38.05,29.85,0.00,0.61911,0.61911,1.00,8,0.00,0.00","zIndex":8,"class":"butmore"},"i1907":{"frames":"134.90,162.85,0.00,1.00000,1.00000,1.00,3,0.00,0.00","zIndex":3,"class":"a3"}},"totalFrames":1,"anchorX":0,"rect":"0,0,480.00,200.00","type":"null","anchorY":1},"a14":{"children":{"i3182":{"frames":"null|0.00,138.35,0.00,0.99997,0.99998,1.00,0,0.00,0.00","zIndex":0,"class":"a16"},"i3180":{"frames":"0.00,138.35,0.00,0.99997,0.99998,1.00,0,0.00,0.00|null","zIndex":0,"class":"a16a"}},"totalFrames":2,"anchorX":0,"rect":"0,0,480.00,138.35","type":"null","anchorY":1}}}