{"baseBpm":90,"musics":[{"id":1,"baseBeats":0.25,"scores":["U,#g1[M],g1[M],f1[M],d1[M],#d1[M],d1[M],b[M],g[M],#g[M],g[M],f[M],d[M],#d[M],d[M];(B-1)[M],(G-1)[M],(#G-1)[M],(G-1)[M],(F-1)[M],(D-1)[M],(#D-1)[M],(D-1)[M],(C-1)[M],(G-2)[M],(C-1)[M],(G-2)[M],(C-1)[M],(G-2)[M],(C-1)[M],(G-2)[M];(B-2)[L],#g1[M],g1[M],f1[M],d1[M],#d1[M],d1[M],b[M],g[M],#g[M],g[M],f[M],d[M],#d[M],d[M];(B-1)[M],(G-1)[M],(#G-1)[M],(G-1)[M],(F-1)[M],(D-1)[M],(#D-1)[M],(D-1)[M],(C-1)[M],(G-2)[M],(C-1)[M],(G-2)[M],(C-1)[M],(G-2)[M],(C-1)[M],(G-2)[M];(B-2)[L],#g2[M],g2[M],f2[M],d2[M],#d2[M],d2[M],b1[M],g1[M],#g1[M],g1[M],f1[M],d1[M],#d1[M],d1[M];b[M],g[M],#g[M],g[M],f[M],d[M],#d[M],d[M],(B-1)[M],(G-1)[M],(#G-1)[M],(G-1)[M],(F-1)[M],(D-1)[M],(#D-1)[M],(D-1)[M];(C-1)[M],(B-2)[M],(G-1)[M],(F-1)[M],(#D-1)[M],(D-1)[M],(#D-1)[M],(D-1)[M],(C-1)[M],(B-2)[M],(#A-1)[M],(#G-1)[M],(G-1)[M],(F-1)[M],(G-1)[M],(F-1)[M];(#D-1)[M],(D-1)[M],#d[M],d[M],c[M],(B-1)[M],c[M],(B-1)[M],(#G-1)[M],(G-1)[M],(#G-1)[M],(G-1)[M],(F-1)[M],(#D-1)[M],(F-1)[M],(#D-1)[M];(C-1)[M],(G-1)[M],c[M],d[M],#d[M],g[M],c1[M],d1[M],#d1[M],d1[M],c1[M],g[M],#d[M],d[M],c[M],(G-1)[M];","(b1.d2.f2.g2.b2)[J],S;S,T,(#g1.#d2.f2.#g2)[LM],(g1.g2)[M];(d2.f2.g2.d3)[J],S;S,T,(#g1.#d2.f2.#g2)[LM],(g1.g2)[M];(f2.g2.d3.f3)[L],#g3[M],g3[M],f3[M],d3[M],#d3[M],d3[M],b2[M],g2[M],#g2[M],g2[M],f2[M],d2[M],#d2[M],d2[M];b1[M],g1[M],#g1[M],g1[M],f1[M],d1[M],#d1[M],d1[M],b[M],g[M],#g[M],g[M],f[M],d[M],#d[M],d[M];c[M],(B-1)[M],g[M],f[M],#d[M],d[M],#d[M],d[M],c[M],(B-1)[M],#a[M],#g[M],g[M],f[M],g[M],f[M];#d[M],d[M],#d1[M],d1[M],c1[M],b[M],c1[M],b[M],#g[M],g[M],#g[M],g[M],f[M],#d[M],f[M],#d[M];c[L],U,T,S;"]},{"id":2,"baseBeats":0.25,"scores":["(C-1)[M],(G-1)[M],c[M],d[M],#d[M],d[M],c[M],(G-1)[M],(C-1)[M],(G-1)[M],c[M],d[M],#d[M],d[M],c[M],(G-1)[M];(C-1)[M],(G-1)[M],c[M],d[M],#d[M],g[M],c1[M],d1[M],#d1[M],d1[M],c1[M],g[M],#d[M],d[M],c[M],(G-1)[M];(C-1)[M],(G-1)[M],c[M],d[M],#d[M],d[M],c[M],(G-1)[M],(C-1)[M],(G-1)[M],c[M],d[M],#d[M],d[M],c[M],(G-1)[M];(C-1)[M],(G-1)[M],c[M],d[M],#d[M],g[M],c1[M],d1[M],#d1[M],d1[M],c1[M],g[M],#d[M],d[M],c[M],(G-1)[M];(C-1)[M],(#F-1)[M],c[M],d[M],#d[M],d[M],c[M],(#F-1)[M],(C-1)[M],(#F-1)[M],c[M],d[M],#d[M],d[M],c[M],(#F-1)[M];(B-2)[M],(B-1)[M],d[M],g[M],d1[M],g[M],d[M],(B-1)[M],(#A-2)[M],(#A-1)[M],#c[M],g[M],#c1[M],g[M],#c[M],(#A-1)[M];(A-2)[M],(A-1)[M],c[M],f[M],c1[M],f[M],c[M],(A-1)[M],(#G-2)[M],(#G-1)[M],c[M],f[M],c1[M],f[M],c[M],(#G-1)[M];(G-2)[M],(G-1)[M],c[M],(B-1)[M],#c[M],c[M],d[M],#c[M],#d[M],d[M],e[M],#d[M],f[M],e[M],#f[M],f[M];g[M],#f[M],#g[M],g[M],#a[M],#g[M],g[M],f[M],#d[M],d[M],c[M],(B-1)[M],(#G-1)[M],(G-1)[M],(F-1)[M],(D-1)[M];(C-1)[M],(G-1)[M],c[M],d[M],#d[M],g[M],c1[M],d1[M],#d1[M],d1[M],c1[M],g[M],#d[M],d[M],c[M],(G-1)[M];(C-1)[M],(G-1)[M],c[M],d[M],#d[M],d[M],c[M],(G-1)[M],(C-1)[M],(G-1)[M],c[M],d[M],#d[M],d[M],c[M],(G-1)[M];(C-1)[M],(G-1)[M],c[M],d[M],#d[M],g[M],c1[M],d1[M],#d1[M],d1[M],c1[M],g[M],#d[M],d[M],c[M],(G-1)[M];(C-1)[M],(G-1)[M],c[M],d[M],#d[M],d[M],c[M],(G-1)[M],(C-1)[M],(G-1)[M],c[M],d[M],#d[M],d[M],c[M],(G-1)[M];(C-1)[M],(G-1)[M],c[M],d[M],#d[M],g[M],c1[M],d1[M],#d1[M],d1[M],c1[M],g[M],#d[M],d[M],c[M],(G-1)[M];(C-1)[M],(F-1)[M],c[M],d[M],#d[M],d[M],c[M],(F-1)[M],(C-1)[M],(F-1)[M],c[M],d[M],#d[M],d[M],c[M],(F-1)[M];(#C-1)[M],#c[M],#f[M],#g[M],#a[M],#g[M],#f[M],#c[M],(#C-1)[M],#c[M],#f[M],#g[M],#a[M],#g[M],#c[M],#c[M];(#C-1)[M],#c[M],g[M],#a[M],#c1[M],c1[M],#a[M],#g[M],g[M],f[M],e[M],#c[M],c[M],(#A-1)[M],(#G-1)[M],(G-1)[M];(B-2)[M],(B-1)[M],e[M],#f[M],#g[M],#f[M],e[M],(B-1)[M],(B-2)[M],(B-1)[M],e[M],#f[M],#g[M],#f[M],e[M],(B-1)[M];(B-2)[M],(B-1)[M],f[M],#g[M],b[M],#a[M],#g[M],#f[M],f[M],#d[M],d[M],(B-1)[M],(#A-1)[M],(#G-1)[M],(#F-1)[M],(F-1)[M];(#A-2)[M],(#A-1)[M],#d[M],f[M],g[M],f[M],#d[M],(#A-1)[M],(#A-2)[M],(#A-1)[M],#d[M],f[M],g[M],f[M],#d[M],(#A-1)[M];","S,U,V,(c2.c3)[M],(#c2.#c3~d2.d3~#d2.#d3)[K];(#d2.#d3)[J],U,V,(g1.c2.#d2.g2)[M],(g1.c2.#d2.g2)[LM],(g1.c2.#d2.g2)[M];(#g1.c2.#d2.#g2)[J],(g1.c2.#d2.g2~b1.b2~c2.c3)[K],(#c2.#c3~d2.d3~#d2.#d3)[K];(#d2.#d3)[J],U,V,(g1.c2.#d2.g2)[M],(g1.c2.#d2.g2)[LM],(g1.c2.#d2.g2)[M];(a1.c2.#d2.a2)[I];(a1.d2.a2.d3)[L],U,(g1.d2.g2)[K],(U~g1.#c2.g2~g1.#c2.g2)[K],(g1.#c2.g2~#g1.#d2.#g2~g1.#c2.g2)[K];(g1.c2.g2)[M],(c2.c3)[M],U,(f1.c2.f2)[K],(U~f1.c2.f2~f1.c2.f2)[K],(e1.c2.e2)[M],(f1.c2.f2)[M],(g1.c2.g2)[M],(f1.c2.f2)[M];(e1.c2.e2)[K],(#d1.c2.#d2)[JLM],(#d1.#d2)[M];(#d1.b1.#d2)[K],(d1.d2)[K],S;R;S,(U~b1.b2~c2.c3)[K],(#c2.#c3~d2.d3~#d2.#d3)[K];(#d2.#d3)[J],UV,(g1.c2.#d2.g2)[M],(g1.c2.#d2.g2)[LM],(g1.c2.#d2.g2)[M];(#g1.c2.#d2.#g2)[J],(g1.c2.#d2.g2~b1.b2~c2.c3)[K],(#c2.#c3)[M],(d2.d3)[M],(f2.f3)[M],(#d2.#d3)[M];(#d2.#d3)[J],UV,(g1.c2.#d2.g2)[M],(g1.c2.#d2.g2)[LM],(g1.c2.#d2.g2)[M];(a1.#d2.a2)[I];(#a1.#c2.#a2)[J],(#g1.#a1.#c2.#g2)[K],(#f1.#a1.#c2.#f2)[LM],(f1.#a1.#c2.f2)[M];(f1.#a1.#c2.f2)[J],(e1.#a1.e2)[K],T;(#g1.b1.e2.#g2)[J],(#f1.#g1.b1.#f2)[K],(e1.#g1.b1.e2)[LM],(#d1.#g1.b1.#d2)[M];(#d1.#g1.b1.#d2)[J],(d1.#g1.b1.d2)[K],T;(g1.#d2.g2)[I];"]},{"id":3,"baseBeats":0.25,"scores":["(B-2)[M],(B-1)[M],d[M],g[M],d1[M],g[M],d[M],(B-1)[M],(B-2)[M],(B-1)[M],d[M],g[M],d1[M],g[M],d[M],(B-1)[M];(C-1)[M],(G-1)[M],c[M],d[M],#d[M],g[M],c1[M],d1[M],#d1[M],d1[M],c1[M],g[M],#d[M],d[M],c[M],(G-1)[M];(F-2)[M],(#C-1)[M],(F-1)[M],(G-1)[M],(#G-1)[M],#c[M],f[M],g[M],#g[M],g[M],f[M],#c[M],(#G-1)[M],(F-1)[M],(#C-1)[M],(#G-2)[M];(G-2)[L],(E-1)[M],(#D-1)[M],(F-1)[M],(E-1)[M],(#F-1)[M],(F-1)[M],(G-1)[M],(#F-1)[M],(#G-1)[M],(G-1)[M],(A-1)[M],(#G-1)[M],(#A-1)[M],(A-1)[M];(B-1)[M],(#A-1)[M],c[M],(B-1)[M],#c[M],c[M],d[M],#c[M],#d[M],d[M],e[M],#d[M],f[M],e[M],#f[M],f[M];g[M],#f[M],#g[M],g[M],#a[M],#g[M],g[M],f[M],#d[M],d[M],f[M],#d[M],g[M],f[M],#d[M],d[M];c[M],(B-1)[M],d[M],c[M],(B-1)[M],(#G-1)[M],(G-1)[M],(#F-1)[M],(G-1)[M],(#G-1)[M],(F-1)[M],(G-1)[M],(#D-1)[M],(F-1)[M],(D-1)[M],(#D-1)[M];(C-1)[L],#c1[M],c1[M],#a[M],g[M],#g[M],g[M],e[M],c[M],#c[M],c[M],(#A-1)[M],(G-1)[M],(#G-1)[M],(G-1)[M];(F-1)[M],(C-1)[M],(F-1)[M],(C-1)[M],(F-1)[M],(C-1)[M],(F-1)[M],(C-1)[M],(F-1)[M],(C-1)[M],(F-1)[M],(C-1)[M],(F-1)[M],(C-1)[M],(F-1)[M],(C-1)[M];c[L],#c1[M],c1[M],#a[M],g[M],#g[M],g[M],e[M],c[M],#c[M],c[M],(#A-1)[M],(G-1)[M],(#G-1)[M],(G-1)[M];(F-1)[M],(C-1)[M],(F-1)[M],(C-1)[M],(F-1)[M],(C-1)[M],(F-1)[M],(C-1)[M],(F-1)[M],(C-1)[M],(F-1)[M],(C-1)[M],(F-1)[M],(C-1)[M],(F-1)[M],(C-1)[M];c[L],#g2[M],g2[M],e2[M],c2[M],#c2[M],c2[M],#a1[M],g1[M],#g1[M],g1[M],e1[M],c1[M],#c1[M],c1[M];#a[M],g[M],#g[M],g[M],e[M],c[M],#c[M],c[M],(#A-1)[M],(G-1)[M],(#G-1)[M],(G-1)[M],(E-1)[M],(C-1)[M],(#C-1)[M],(C-1)[M];(F-2.F-1)[J],(F-2.F-1)[J];(C-2.C-1)[K],(C-2.C-1)[K];","(g1.d2.g2)[JK],U,f2[L];(g1.c2.f2)[J],#d2[J];(f1.#g1.#d2)[L],f2[M],#d2[M],#c2[LM],#d2[M],f2[K],#g1[K];(#d1.c2)[H];c2[KL],b1[L],d2[K],T;R;c2[IJ];d2[J];(e1.g1.e2)[I];c2[JK],d2[K];(e1.g1.c2.e2)[L],#g3[M],g3[M],e3[M],c3[M],#c3[M],c3[M],#a2[M],g2[M],#g2[M],g2[M],e2[M],c2[M],#c2[M],c2[M];#a1[M],g1[M],#g1[M],g1[M],e1[M],c1[M],#c1[M],c1[M],#a[M],g[M],#g[M],g[M],e[M],c[M],#c[M],c[M];(c.f.a.c1)[J],(c.f.#g.c1)[J];(c.f.g.c1)[K],(c.e.g.c1)[K];","R;R;R;R;R;(d1.f1)[JK],T;R;c1[L],U,T,S;(f1.#g1)[I];R;g1[J],f1[J];R;R;R;S;","R;R;R;R;R;R;R;R;R;R;(c1.#g1)[I];R;R;R;S;"]}]}