{"baseBpm":120,"musics":[{"id":1,"baseBeats":0.5,"scores":["d1[L],5<a[M],a[M]>,#g[L],a[L];d1[L],5<a[M],a[M]>,#g[L],a[L];d1[L],a[L],d1[L],a[L];d1[L],a[L],#f[L],a[L];d1[L],a[L],d1[L],#f1[L];a1[J];(a1.#f2.a2)[K],(a1.e2.g2)[L],(a1.d2.#f2)[L];(g1.#c2.e2)[K],(a1.#c2.#f2)[L],(g1.#c2.e2)[L];(#f1.a1.d2)[K],(a1.#c2.e2)[L],(a1.d2.#f2)[L];a1[L],b1[L],a1[L],U;(a1.#f2.a2)[K],(a1.e2.g2)[L],(a1.d2.#f2)[L];(b1.#d2.#f2.b2)[K],(a1.#d2.a2)[L],(a1.#d2.#f2)[L];g2[L],5<a2[M],g2[M]>,#f2[L],5<g2[M],#f2[M]>;5<(g1.e2)[M],e1[M]>,5<#f1[M],g1[M]>,5<a1[M],b1[M]>,5<#c2[M],d2[M]>;e2[L],5<(a1.#c2.e2)[M],(a1.#c2.e2)[M]>,(a1.b1.d2)[L],(a1.#c2.e2)[L];(a1.d2.#f2)[L],(a1.e2.g2)[L],(a1.#f2.a2)[K];(a1.#c2.e2)[L],(a1.d2.#f2)[L],(a1.e2.g2)[K];(a1.d2.#f2)[L],(a1.#c2.e2)[L],(#f1.a1.d2)[K];(a1.#c2.e2)[L],5<(a1.#c2.e2)[M],(a1.#c2.e2)[M]>,(a1.b1.d2)[L],(a1.#c2.e2)[L];(a1.d2.#f2)[L],(a1.e2.g2)[L],(a1.#f2.a2)[K];(#g1.#g2)[L],(a1.a2)[L],(b1.b2)[L],(#c2.#c3)[L];(a1.a2)[L],5<a[M],a[M]>,a[L],a[L];","S;S;S;S;S;S;S;S;S;S;S;S;(b1.e2)[K],(b1.#d2)[K];S;S;S;S;S;S;S;S;S;","d[L],(A-1)[M],(A-1)[M],(#G-1)[L],(A-1)[L];d[L],(A-1)[M],(A-1)[M],(#G-1)[L],(A-1)[L];d[L],(A-1)[L],d[L],(A-1)[L];d[L],(A-1)[L],(#F-1)[L],(A-1)[L];d[L],(A-1)[L],d[L],#f[L];a[J];d[L],(#f.a.d1)[M],(#f.a.d1)[M],(#f.a.d1)[L],(#f.a.d1)[L];(A-1)[L],(a.#c1.e1)[M],(a.#c1.e1)[M],(a.#c1.e1)[L],(a.#c1.e1)[L];d[L],(#f.a.d1)[M],(#f.a.d1)[M],(a.#c1)[L],(a.d1)[L];(A-1)[L],(a.#c1.e1)[M],(a.#c1.e1)[M],(a.#c1.e1)[L],(a.#c1.e1)[L];d[L],(#f.a.d1)[M],(#f.a.d1)[M],(#f.a.d1)[L],(#f.a.d1)[L];(B-1)[L],(#f.b.#d1)[M],(#f.b.#d1)[M],(#f.b.#d1)[L],(#f.b.#d1)[L];e[L],(g.b.e1)[L],(B-1)[L],(#d.a.b)[L];(e.g.b)[K],T;(A-1.a)[K],U,(A-1.a)[L];(d.d1)[K],U,(#F-1.#f)[L];(A-1.a)[K],U,(A-1.a)[L];(d.d1)[L],(A-1.a)[L],(d.d1)[K];(A-1.a)[K],U,(A-1.a)[L];(d.d1)[K],U,(d.d1)[L];(e.b)[L],(e.#c1)[L],(e.d1)[LM],(e.e1)[M];(a.#c1)[L],(A-1)[M],(A-1)[M],(A-1)[L],(A-1)[L];"]},{"id":2,"baseBeats":0.5,"scores":["(a1.a2)[L],5<e2[M],e2[M]>,e2[L],e2[L];(g1.g2)[L],5<e2[M],e2[M]>,#d2[L],e2[L];(g1.g2)[L],5<e2[M],e2[M]>,#d2[L],e2[L];(g1.g2)[L],e2[L],(g1.g2)[L],e2[L];(g1.g2)[L],e2[L],(g1.g2)[L],e2[L];(e2.g2.c3)[L],5<(e2.g2.c3)[M],(e2.g2.c3)[M]>,(d2.g2.b2)[L],(e2.g2.c3)[L];(f2.d3)[L],5<(e2.g2.c3)[M],(e2.g2.c3)[M]>,(d2.g2.b2)[L],(e2.g2.c3)[L];(f2.d3)[L],(e2.g2.c3)[L],(f2.d3)[L],(e2.g2.c3)[L];(f2.d3)[L],(e2.g2.c3)[L],(f2.d3)[L],(e2.g2.c3)[L];(e2.e3)[K],(#d2.#d3)[L],(d2.d3)[L];(c2.c3)[K],(b1.b2)[L],(a1.a2)[L];(#g1.#g2)[K],(a1.a2)[L],(b1.b2)[L];5<(c2.a2)[M],#g2[M]>,5<a2[M],b2[M]>,c3[L],(#c2.#c3)[L];(d2.d3)[K],(#c2.#c3)[L],(c2.c3)[L];(b1.b2)[K],(a1.a2)[L],(g1.g2)[L];(#f1.#f2)[K],(g1.g2)[L],(a1.a2)[L];5<(b1.g2)[M],#f2[M]>,5<g2[M],a2[M]>,b2[L],5<(b1.b2)[M],(b1.b2)[M]>;(b1.b2)[K],(#c2.#c3)[L],(#d2.#d3)[L];(e2.e3)[L],(#f2.#f3)[L],(g2.g3)[L],(#g2.#g3)[L];(a2.a3)[K],5<b2[M],a2[M]>,5<b2[M],#c3[M]>;a2[L],5<a1[M],a1[M]>,a1[L],a1[L];(a1.#f2.a2)[K],(a1.e2.g2)[L],(a1.d2.#f2)[L];(g1.#c2.e2)[K],(a1.#c2.#f2)[L],(g1.#c2.e2)[L];(#f1.a1.d2)[K],(a1.#c2.e2)[L],(a1.d2.#f2)[L];a1[L],b1[L],a1[L],U;(a1.#f2.a2)[K],(a1.e2.g2)[L],(a1.d2.#f2)[L];(b1.#d2.#f2.b2)[K],(a1.#d2.a2)[L],(a1.#d2.#f2)[L];g2[L],5<a2[M],g2[M]>,#f2[L],5<g2[M],#f2[M]>;5<(g1.e2)[M],e1[M]>,5<#f1[M],g1[M]>,5<a1[M],b1[M]>,5<#c2[M],d2[M]>;e2[L],5<(a1.#c2.e2)[M],(a1.#c2.e2)[M]>,(a1.b1.d2)[L],(a1.#c2.e2)[L];(a1.d2.#f2)[L],(a1.e2.g2)[L],(a1.#f2.a2)[K];(a1.#c2.e2)[L],(a1.d2.#f2)[L],(a1.e2.g2)[K];(a1.d2.#f2)[L],(a1.#c2.e2)[L],(#f1.a1.d2)[K];(a1.#c2.e2)[L],5<(a1.#c2.e2)[M],(a1.#c2.e2)[M]>,(a1.b1.d2)[L],(a1.#c2.e2)[L];(a1.d2.#f2)[L],(a1.e2.g2)[L],(a1.#f2.a2)[K];(a1.#c2)[L],(a1.d2)[L],(a1.#c2.e2)[L],#f2[L];d2[L],5<(#f1.a1.#d2)[M],(#f1.a1.#d2)[M]>,(#f1.a1.#d2)[L],(#f1.a1.#d2)[L];(g1.b1.e2)[L],5<e2[M],e2[M]>,#d2[L],e2[L];(g1.g2)[L],5<e2[M],e2[M]>,#d2[L],e2[L];d2[L],5<a[M],a[M]>,#g[L],a[L];d1[L],5<a[M],a[M]>,#g[L],a[L];d1[L],5<a[M],a[M]>,#g[L],a[L];d1[L],a[L],d1[L],a[L];d1[L],a[L],#f[L],a[L];d1[L],5<(a1.a2)[M],(a1.a2)[M]>,(a1.a2)[L],(a1.a2)[L];(d2.d3)[J];","S;S;S;S;S;S;S;S;S;S;S;S;S;S;S;S;S;S;S;S;S;S;S;S;S;S;S;(b1.e2)[K],(b1.#d2)[K];S;S;S;S;S;S;S;S;S;S;S;S;S;S;S;S;S;S;","(a.#c1)[L],e[M],e[M],e[L],e[L];g[L],e[M],e[M],#d[L],e[L];g[L],e[M],e[M],#d[L],e[L];g[L],e[L],g[L],e[L];g[L],e[L],g[L],e[L];c[L],c[M],c[M],g[L],c[L];(G-1)[L],c[M],c[M],(G-1)[L],c[L];(G-1)[L],c[L],(G-1)[L],c[L];(G-1)[L],c[L],(G-1)[L],c[L];(E-1)[L],(e.#g.b)[L],(e.#g.b)[L],(e.#g.b)[L];(E-1)[L],(e.a.c1)[L],(e.a.c1)[L],(e.a.c1)[L];(E-1)[L],(f.f1)[L],(e.e1)[L],(d.d1)[L];(A-1)[L],(e.a.c1)[L],(e.a.c1)[L],(e.g.a)[L];(D-1)[L],(d.#f.a)[L],(d.#f.a)[L],(d.#f.a)[L];(D-1)[L],(d.g.b)[L],(d.g.b)[L],(d.g.b)[L];(D-1)[L],(c.c1)[L],(B-1.b)[L],(A-1.a)[L];(G-1)[L],(d.g.b)[L],(d.g.b)[L],(B-1.b)[M],(B-1.b)[M];(B-1.b)[L],b[M],b[M],(#a.b)[L],(a.b)[L];(g.b)[L],(#f.b)[L],(e.b)[L],(d.b)[L];(#c.e.a)[K],(e.#g.d1)[K];(a.#c1)[L],U,T;d[L],(#f.a.d1)[M],(#f.a.d1)[M],(#f.a.d1)[L],(#f.a.d1)[L];(A-1)[L],(a.#c1.e1)[M],(a.#c1.e1)[M],(a.#c1.e1)[L],(a.#c1.e1)[L];d[L],(#f.a.d1)[M],(#f.a.d1)[M],(a.#c1)[L],(a.d1)[L];(A-1)[L],(a.#c1.e1)[M],(a.#c1.e1)[M],(a.#c1.e1)[L],(a.#c1.e1)[L];d[L],(#f.a.d1)[M],(#f.a.d1)[M],(#f.a.d1)[L],(#f.a.d1)[L];(B-1)[L],(#f.b.#d1)[M],(#f.b.#d1)[M],(#f.b.#d1)[L],(#f.b.#d1)[L];e[L],(g.b.e1)[L],(B-1)[L],(#d.a.b)[L];(e.g.b)[K],T;(A-1.a)[K],U,(A-1.a)[L];(d.d1)[K],U,(#F-1.#f)[L];(A-1.a)[K],U,(A-1.a)[L];(d.d1)[L],(A-1.a)[L],(d.d1)[K];(A-1.a)[K],U,(A-1.a)[L];(d.d1)[K],U,(d.d1)[L];(a.e1)[L],(a.#f1)[L],(a.g1)[LM],V;(d1.#f1)[L],(B-1.b)[M],(B-1.b)[M],(B-1.b)[L],(B-1.b)[L];(e.b)[L],e[M],e[M],#d[L],e[L];g[L],e[M],e[M],#d[L],e[L];(d1.#f1)[L],(A-1)[M],(A-1)[M],(#G-1)[L],(A-1)[L];d[L],(A-1)[M],(A-1)[M],(#G-1)[L],(A-1)[L];d[L],(A-1)[M],(A-1)[M],(#G-1)[L],(A-1)[L];d[L],(A-1)[L],d[L],(A-1)[L];d[L],(A-1)[L],(#F-1)[L],(A-1)[L];d[L],(A-1.a)[M],(A-1.a)[M],(A-1.a)[L],(A-1.a)[L];(D-1.d)[J];"]},{"id":3,"baseBeats":0.5,"scores":["(b1.d2)[K],(b1.d2)[K];(b1.d2)[K],(b1.d2)[K];d2[L],5<c2[M],b1[M]>,a1[L],5<b1[M],a1[M]>;g1[L],#f1[L],5<g1[M],a1[M]>,5<b1[M],c2[M]>;(b1.d2)[K],(b1.d2)[K];(b1.d2)[K],(b1.d2)[K];e2[L],5<#f2[M],g2[M]>,a2[L],5<g2[M],e2[M]>;d2[L],5<V,d1[M]>,5<g1[M],a1[M]>,5<b1[M],c2[M]>;(b1.d2)[K],(b1.d2)[K];(b1.d2)[K],(b1.d2)[K];#c2[L],b1[L],a1[L],g1[L];#f1[L],a1[L],d2[L],#f2[L];e2[L],#d2[L],e2[L],#f2[L];d2[K],a1[L],5<a1[M],d2[M]>;5<d2[M],#c2[M]>,5<#c2[M],b1[M]>,5<b1[M],a1[M]>,5<a1[M],g1[M]>;#f1[L],a1[L],d2[L],#f2[L];e2[L],#d2[L],e2[L],#f2[L];d2[L],d1[L],#c1[L],c1[L];(#a1.d2)[K],(g1.d2)[K];(#a1.d2)[K],(g1.d2)[K];(#a1.d2)[L],5<c2[M],d2[M]>,#d2[L],5<f2[M],#d2[M]>;(#a1.d2)[L],c2[L],5<#a1[M],c2[M]>,5<d2[M],#d2[M]>;(d2.f2)[K],(#a1.f2)[K];(d2.f2)[K],(#a1.g2)[K];(#a1.f2)[L],5<#d2[M],d2[M]>,(a1.c2)[L],5<d2[M],#d2[M]>;(#a1.d2)[L],U,5<#a1[M],a1[M]>,5<#a1[M],c2[M]>;(#a1.d2)[K],(g1.d2)[K];(#a1.d2)[K],(g1.d2)[K];(#a1.d2)[L],5<c2[M],d2[M]>,#d2[L],5<f2[M],#d2[M]>;(#a1.d2)[L],c2[L],5<#a1[M],c2[M]>,5<d2[M],#d2[M]>;(d2.f2)[K],(#a1.f2)[K];(d2.f2)[K],(#a1.g2)[K];d2[L],5<c2[M],#a1[M]>,a1[L],5<#a1[M],a1[M]>;g1[K],U,U;d2[K],d2[K];d2[K],d2[K];d2[L],#f2[L],a2[L],c3[L];b2[L],(g2.c3.e3)[L],(g2.b2.d3)[K];d2[K],d2[K];d2[L],g2[L],b2[L],d3[L];#f3[L],e3[L],c3[L],a2[L];g2[K],(b1.b2)[K];(g1.d2.g2)[K];","S;S;S;S;S;S;S;S;S;S;S;S;S;S;S;S;S;S;S;S;T,(a1.c2)[K];S;S;S;S;S;S;S;T,(a1.c2)[K];S;S;S;S;S;S;S;S;S;S;S;S;S;T;","(G-1)[L],(g.b)[L],(B-1)[L],(g.b)[L];(G-1)[L],(g.b)[L],(B-1)[L],(g.b)[L];(G-1)[L],(d.g.b)[L],d[L],(#f.c1)[L];(G-1)[L],(g.b)[L],(B-1)[L],(g.b)[L];(G-1)[L],(g.b)[L],(B-1)[L],(g.b)[L];(G-1)[L],(g.b)[L],(B-1)[L],(g.b)[L];(G-1)[L],(g.b)[L],(G-1)[L],(e.g.c1)[L];(G-1)[L],(g.b)[L],(B-1)[L],(g.b)[L];(G-1)[L],(g.b)[L],(B-1)[L],(g.b)[L];(G-1)[L],(g.b)[L],(B-1)[L],(g.b)[L];(A-1)[L],(g.#c1)[L],e[L],(g.#c1)[L];(A-1)[L],(#f.d1)[L],d[L],(#f.d1)[L];(A-1)[L],(g.#c1)[L],e[L],(g.a.#c1)[L];d[L],(#f.d1)[L],d[L],(#f.d1)[L];(A-1)[L],(a.#c1)[L],e[L],(a.#c1)[L];(A-1)[L],(#f.d1)[L],d[L],(#f.d1)[L];(A-1)[L],(a.#c1)[L],e[L],(g.a.#c1)[L];(d.#f.d1)[L],(d.#f)[L],(e.g)[L],(#f.a)[L];(G-1)[L],(g.#a)[L],(#A-1)[L],(g.#a)[L];(G-1)[L],(g.#a)[L],(#A-1)[L],(g.#a)[L];(G-1)[L],(g.#a)[L],(F-1)[L],(f.a.c1)[L];(#A-1)[L],(f.#a)[L],(#A-1)[L],(f.#a)[L];(#A-1)[L],(f.#a)[L],d[L],(f.#a)[L];(#A-1)[L],(f.#a)[L],#d[L],(g.#a)[L];(#A-1)[L],(f.#a)[L],(F-1)[L],(f.a)[L];(#A-1)[L],(f.#a)[L],(#A-1)[L],(f.#a)[L];(G-1)[L],(g.#a)[L],(#A-1)[L],(g.#a)[L];(G-1)[L],(g.#a)[L],(#A-1)[L],(g.#a)[L];(G-1)[L],(g.#a)[L],(F-1)[L],(f.a.c1)[L];(#A-1)[L],(f.#a)[L],(#A-1)[L],(f.#a)[L];(#A-1)[L],(f.#a)[L],d[L],(f.#a)[L];(#A-1)[L],(f.#a)[L],#d[L],(g.#a)[L];d[L],(g.#a)[L],d[L],(#f.c1.d1)[L];(G-1)[L],(g.#a)[L],(G-1)[L],(g.#a)[L];#f[L],(c1.d1)[L],d[L],(c1.d1)[L];g[L],(b.d1)[L],d[L],(b.d1)[L];a[L],(c1.d1)[L],d[L],(#f.c1)[L];(g.b)[L],(g.c1.e1)[L],(g.b.d1)[K];#f[L],(c1.d1)[L],d[L],(c1.d1)[L];g[L],(b.d1)[L],d[L],(b.d1)[L];a[L],(c1.d1)[L],d[L],(#f.c1)[L];g[K],(g.b)[K];g[K];"]}]}