{"baseBpm":130,"musics":[{"baseBeats":0.5,"scores":["T,T,T,T;T,T,T,T;T,T,T,T;T,T,T,T;T,T,T,T;T,T,T,T;T,T,T,T;T,T,U,U,T;(g1.#a1.d2)[L],U,U,(#a1.d2)[L],(g1.c2.#d2)[L],U,U,(#a1.d2)[L];(a1.c2)[L],U,U,(a1.c2)[L],(f1.#a1.d2)[L],U,U,(a1.c2)[L];(g1.#a1)[L],U,U,(g1.#a1)[L],(a1.c2)[L],U,U,(g1.#a1)[L];(#f1.a1)[L],U,d2[L],U,#a1[L],a1[L],g1[K];(g1.#a1.d2)[L],U,U,(#a1.d2)[L],(g1.c2.#d2)[L],U,U,(#a1.d2)[L];(a1.c2)[L],U,U,(a1.c2)[L],(f1.#a1.d2)[L],U,U,(a1.c2)[L];(g1.#a1)[L],U,U,(g1.#a1)[L],(a1.c2)[L],U,U,(g1.#a1)[L];(#f1.a1)[L],U,d2[L],U,#a1[L],a1[L],g1[K];#a1[L],d2[L],g2[L],f2[L],#d2[L],d2[L],c2[L],#a1[L];a1[L],c2[L],f2[L],#d2[L],d2[L],c2[L],#a1[L],a1[L];g1[L],#a1[L],#d2[L],d2[L],c2[L],#a1[L],a1[L],g1[L];#f1[L],a1[L],d2[L],c2[L],#a1[L],a1[L],g1[K];","(#a1.d2)[LM],(c2.#d2)[M],(a1.c2)[LM],(#a1.d2)[M],(c2.#d2)[LM],(c2.#d2)[M],(#a1.d2)[LM],(c2.#d2)[M];(a1.c2)[LM],(a1.f2)[M],(g1.#d2)[LM],(a1.f2)[M],(#a1.d2)[LM],(#a1.d2)[M],(a1.c2)[LM],(#a1.d2)[M];(g1.#a1)[LM],(g1.#a1)[M],(#f1.a1)[LM],(g1.#a1)[M],(a1.c2)[LM],(a1.c2)[M],(g1.#a1)[LM],(a1.c2)[M];(#f1.a1)[LM],(#f1.d2)[M],(e1.c2)[LM],(#f1.d2)[M],(g1.#a1)[L],a1[L],g1[K];(#a1.d2)[LM],(c2.#d2)[M],(a1.c2)[LM],(#a1.d2)[M],(c2.#d2)[LM],(c2.#d2)[M],(#a1.d2)[LM],(c2.#d2)[M];(a1.c2)[LM],(a1.f2)[M],(g1.#d2)[LM],(a1.f2)[M],(#a1.d2)[LM],(#a1.d2)[M],(a1.c2)[LM],(#a1.d2)[M];(g1.#a1)[LM],(g1.#a1)[M],(#f1.a1)[LM],(g1.#a1)[M],(a1.c2)[LM],(a1.c2)[M],(g1.#a1)[LM],(a1.c2)[M];(#f1.a1)[LM],(#f1.d2)[M],(e1.c2)[LM],(#f1.d2)[M],(g1.#a1)[L],a1[L],g1[K];R;R;R;R;R;R;R;R;R;R;R;R;","(g.#a.d1)[J],(#d.g.c1)[J];(f.a.c1)[J],(#A-1.d.f.#a)[J];(#d.g.#a)[J],(c.#d.a)[J];d[K],(D-1)[K],(G-1)[J];(g.#a.d1)[J],(#d.g.c1)[J];(f.a.c1)[J],(#A-1.d.f.#a)[J];(#d.g.#a)[J],(c.#d.a)[J];d[K],(D-1)[K],(G-1)[J];g[L],f[L],#d[L],d[L],c[L],d[L],#d[L],c[L];f[L],#d[L],d[L],c[L],(#A-1)[L],c[L],d[L],(#A-1)[L];#d1[L],d1[L],c1[L],#a[L],a[L],#a[L],c1[L],a[L];d1[L],c1[L],#a[L],a[L],g[L],d[L],(#A-1)[L],d[L];g[L],f[L],#d[L],d[L],c[L],d[L],#d[L],c[L];f[L],#d[L],d[L],c[L],(#A-1)[L],c[L],d[L],(#A-1)[L];#d1[L],d1[L],c1[L],#a[L],a[L],#a[L],c1[L],a[L];d1[L],c1[L],#a[L],a[L],g[L],d[L],(#A-1)[L],d[L];g[K],#a[K],c1[K],#d[K];f[K],a[K],#a[K],d[K];#d[K],g[K],a[K],c[K];d[K],#f[K],g[K],(G-1)[K];"],"id":1},{"baseBeats":0.5,"scores":["#a1[L],d2[L],g2[L],f2[L],#d2[L],d2[L],c2[L],#a1[L];a1[L],c2[L],f2[L],#d2[L],d2[L],c2[L],#a1[L],a1[L];g1[L],#a1[L],#d2[L],d2[L],c2[L],#a1[L],a1[L],g1[L];#f1[L],a1[L],d2[L],c2[L],#a1[L],a1[L],g1[K];g1[L],U,#a1[L],U,c2[L],U,#d1[L],U;f1[L],U,a1[L],U,#a1[L],U,d1[L],U;#d1[L],U,g1[L],U,a1[L],U,c1[L],U;d1[L],U,#f1[L],U,g1[L],U,#a[L],U;g1[L],U,#a1[L],U,c2[L],U,#d1[L],U;f1[L],U,a1[L],U,#a1[L],U,d1[L],U;#d1[L],U,g1[L],U,a1[L],U,c1[L],U;d1[L],U,#f1[L],U,g1[L],U,#a[L],U;#a1[L],d2[L],g2[L],f2[L],#d2[L],d2[L],c2[L],#a1[L];a1[L],c2[L],f2[L],#d2[L],d2[L],c2[L],#a1[L],a1[L];g1[L],#a1[L],#d2[L],d2[L],c2[L],#a1[L],a1[L],g1[L];#f1[L],U,d2[L],U,#a1[L],a1[L],g1[K];#a1[L],d2[L],g2[L],f2[L],#d2[L],d2[L],c2[L],#a1[L];a1[L],c2[L],f2[L],#d2[L],d2[L],c2[L],#a1[L],a1[L];g1[L],#a1[L],#d2[L],d2[L],c2[L],#a1[L],a1[L],g1[L];#f1[L],U,d2[L],U,#a1[L],a1[L],g1[K];","g[K],#a[K],c1[K],#d[K];f[K],a[K],#a[K],d[K];#d[K],g[K],a[K],c[K];d[K],#f[K],g[K],(G-1)[K];(#A-1)[L],d[L],g[L],f[L],#d[L],d[L],c[L],(#A-1)[L];(A-1)[L],c[L],f[L],#d[L],d[L],c[L],(#A-1)[L],(A-1)[L];(G-1)[L],(#A-1)[L],#d[L],d[L],c[L],(#A-1)[L],(A-1)[L],(G-1)[L];(#F-1)[L],(A-1)[L],d[L],c[L],(#A-1)[L],(A-1)[L],(G-1)[K];(#A-1)[L],d[L],g[L],f[L],#d[L],d[L],c[L],(#A-1)[L];(A-1)[L],c[L],f[L],#d[L],d[L],c[L],(#A-1)[L],(A-1)[L];(G-1)[L],(#A-1)[L],#d[L],d[L],c[L],(#A-1)[L],(A-1)[L],(G-1)[L];(#F-1)[L],(A-1)[L],d[L],c[L],(#A-1)[L],(A-1)[L],(G-1)[K];(G-1)[L],g[L],a[L],#a[L],(C-1)[L],c[L],d[L],#d[L];(F-1)[L],f[L],g[L],a[L],(#A-1)[L],#a[L],c1[L],d1[L];(#D-1)[L],#d[L],f[L],g[L],(A-1)[L],a[L],#a[L],c1[L];d1[L],d[L],e[L],#f[L],g[L],(G-1)[L],(A-1)[L],(#A-1)[L];(G-1)[L],g[L],a[L],#a[L],(C-1)[L],c[L],d[L],#d[L];(F-1)[L],f[L],g[L],a[L],(#A-1)[L],#a[L],c1[L],d1[L];(#D-1)[L],#d[L],f[L],g[L],(A-1)[L],a[L],#a[L],c1[L];d1[L],d[L],e[L],#f[L],g[L],(G-1)[L],(A-1)[L],(#A-1)[L];"],"id":2},{"bpm":90,"baseBeats":0.25,"scores":["d1[M],g1[M],#a1[M],d2[M],d1[M],g1[M],#a1[M],d2[M],#d1[M],g1[M],#a1[M],#d2[M],#d1[M],g1[M],#a1[M],#d2[M];f1[M],a1[M],c2[M],#d2[M],f1[M],a1[M],c2[M],#d2[M],d1[M],f1[M],#a1[M],d2[M],d1[M],f1[M],#a1[M],d2[M];g1[M],#a1[M],#d2[M],g2[M],g1[M],#a1[M],#d2[M],g2[M],a1[M],c2[M],#d2[M],g2[M],a1[M],c2[M],#d2[M],g2[M];a1[M],c2[M],d2[M],#f2[M],a1[M],c2[M],d2[M],#f2[M],g1[M],#a1[M],d2[M],g2[M],g1[M],#a1[M],d2[M],g2[M];d1[M],g1[M],#a1[M],d2[M],d1[M],g1[M],#a1[M],d2[M],#d1[M],g1[M],#a1[M],#d2[M],#d1[M],g1[M],#a1[M],#d2[M];f1[M],a1[M],c2[M],#d2[M],f1[M],a1[M],c2[M],#d2[M],d1[M],f1[M],#a1[M],d2[M],d1[M],f1[M],#a1[M],d2[M];g1[M],#a1[M],#d2[M],g2[M],g1[M],#a1[M],#d2[M],g2[M],a1[M],c2[M],#d2[M],g2[M],a1[M],c2[M],#d2[M],g2[M];g1[M],#a1[M],d2[M],g2[M],a1[M],c2[M],d2[M],#f2[M],(g1.#a1.d2.g2)[J];","(G-1.d.g)[J],(c.#d.g)[J];(F-1.c.f)[J],(#A-1.d.f)[J];(#d.g)[J],(c.#d.a)[J];(d.#f.a)[J],(G-1.#A-1.d.g)[J];(#A-1)[M],d[M],g[M],#a[M],(#A-1)[M],d[M],g[M],#a[M],c[M],#d[M],g[M],c1[M],c[M],#d[M],g[M],c1[M];(A-1)[M],c[M],#d[M],f[M],(A-1)[M],c[M],#d[M],f[M],(#A-1)[M],d[M],f[M],#a[M],(#A-1)[M],d[M],f[M],#a[M];#d[M],g[M],#a[M],#d1[M],#d[M],g[M],#a[M],#d1[M],c[M],#d[M],g[M],c1[M],c[M],#d[M],g[M],c1[M];d[M],g[M],#a[M],d1[M],d[L],(D-1)[L],(G-1.#A-1.d.g)[J];"],"id":3}]}