{"baseBpm":90,"musics":[{"id":1,"baseBeats":0.25,"scores":["a1[M],d2[M],f2[M],a2[L],(d2.f2.a2)[M],#a2[M],a2[L],f2[L];g2[L],(e2.g2.a2)[L],(e2.g2.a2)[K],a2[L],a2[M],#a2[M],a2[L],e2[L];f2[L],(d2.f2.a2)[L],(d2.f2.a2)[L],d2[M],f2[M],d3[L],(d2.d3)[M],#f2[M],d3[L],(d2.d3)[M],g2[M];d3[M],c3[M],#a2[M],a2[M],g2[L],#a2[L],a2[L],a2[L],a2[L],a2[L];a2[M],g2[M],f2[M],e2[M],d2[M],a1[M],d2[M],f2[M],a2[L],(d2.f2.a2)[M],#a2[M],a2[L],f2[L];g2[L],(e2.g2.a2)[L],(e2.g2.a2)[K],a2[L],a2[M],#a2[M],a2[L],e2[L];f2[L],(d2.f2.a2)[L],(d2.f2.a2)[L],f2[M],d2[M],d3[L],(d2.d3)[M],#f2[M],d3[L],(d2.d3)[M],g2[M];d3[M],c3[M],#a2[M],a2[M],g2[L],#a2[L],a2[M],#g2[M],a2[M],#g2[M],a2[M],#a2[M],b2[M],#c3[M];(f2.a2.d3)[KM],#f2[M],a2[M],d3[M],#f3[M],e3[M],d3[M],#c3[M],b2[M],a2[M],g2[M],#f2[M];f2[M],#f2[M],f2[M],#f2[M],f2[M],#f2[M],g2[M],a2[M],b2[M],a2[M],g2[M],#f2[M],g2[M],#f2[M],e2[M],d2[M];#c2[M],d2[M],e2[M],#f2[M],g2[M],a2[M],b2[M],#c3[M],e3[M],d3[M],#c3[M],b2[M],a2[M],g2[M],#f2[M],e2[M];#d2[M],e2[M],#d2[M],e2[M],#d2[M],e2[M],#f2[M],g2[M],a2[M],g2[M],#f2[M],e2[M],#f2[M],e2[M],d2[M],#c2[M];d2[M],e2[M],#f2[M],g2[M],a2[M],b2[M],#c3[M],d3[M],#f3[M],e3[M],d3[M],#c3[M],b2[M],a2[M],g2[M],#f2[M];f2[M],#f2[M],f2[M],#f2[M],f2[M],#f2[M],g2[M],a2[M],b2[M],a2[M],g2[M],#f2[M],g2[M],#f2[M],e2[M],d2[M];#c2[M],d2[M],#c2[M],b1[M],#c2[M],#c3[M],b2[M],a2[M],#g2[M],a2[M],#g2[M],#f2[M],#g2[M],d3[M],#c3[M],b2[M];a2[M],b2[M],a2[M],#g2[M],a2[M],e3[M],d3[M],#c3[M],b2[M],a2[M],#g2[M],#f2[M],e2[M],d2[M],#c2[M],b1[M];a1[L],#c2[M],e2[M],a2[L],a2[M],a2[M],#g2[L],a2[L],#g2[L],a2[L];","V,U,d[L],(f.a.d1)[M],V,(A-1)[L],(f.a.d1)[L];#c[L],(g.a.e1)[L],(g.a.e1)[K],#c[L],(g.a.e1)[M],V,(A-1)[L],(g.a.#c1)[L];d[L],(f.a.d1)[L],(f.a.d1)[L],U,d[L],(f.a.d1)[M],V,c[L],(#f.a.d1)[M],V;(#A-1)[M],V,(g.d1)[M],V,d[M],V,(g.d1.e1)[M],V,(A-1)[L],(e.#c1)[M],V,(f.d1)[M],V,(g.e1)[M],V;d[M],V,(a.f1)[M],V,(A-1.a.d1)[M],V,U,d[M],V,(f.a.d1)[M],V,(A-1)[L],(f.a.d1)[L];#c[L],(g.a.e1)[L],(g.a.e1)[K],#c[M],V,(g.a.e1)[M],V,(A-1)[L],(g.a.#c1)[L];d[L],(f.a.d1)[L],(f.a.d1)[L],U,d[L],(f.a.d1)[M],V,c[L],(#f.a.d1)[M],V;(#A-1)[M],V,(g.d1)[M],V,d[M],V,(g.d1.e1)[M],V,(A-1)[M],V,(e.#c1)[M],V,(f.d1)[M],V,(g.e1)[M],V;(d.f.a.d1)[M],V,d[M],V,(D-1)[L],U,d[M],V,(#f.a)[M],V,(A-1)[M],V,(#f.a)[M],V;d[M],V,(#f.a)[M],V,(A-1)[M],V,(#f.a)[M],V,d[M],V,(#f.a)[M],V,(A-1)[M],V,(#f.a)[M],V;e[M],V,(g.a)[M],V,(A-1)[M],V,(g.a)[M],V,#c[M],V,(g.a)[M],V,(A-1)[M],V,(g.a)[M],V;#c[M],V,(g.a)[M],V,(A-1)[M],V,(g.a)[M],V,e[M],V,(g.a)[M],V,(A-1)[M],V,(g.a)[M],V;d[M],V,(#f.a)[M],V,(A-1)[M],V,(#f.a)[M],V,d[M],V,(#f.a)[M],V,(A-1)[M],V,(#f.a)[M],V;d[M],V,(#f.a)[M],V,(A-1)[M],V,(#f.a)[M],V,d[M],V,(#f.a)[M],V,(A-1)[M],V,(#f.a)[M],V;e[M],V,(a.#c1.e1)[M],V,(a.#c1.e1)[K],b[M],V,(d1.e1)[M],V,e[M],V,(d1.e1)[M],V;a[M],V,(#c1.e1)[M],V,#c[M],V,(a.e1)[M],V,d[M],V,(#f.b.d1)[M],V,e[M],V,(#g.d1.e1)[M],V;(#f.a.#c1)[M],V,U,(A-1.#f.a)[M],V,U,S;"]},{"id":2,"baseBeats":0.25,"scores":["g2[M],e2[M],g2[M],a2[M],a3[L],a2[M],a2[M],(e2.#g2)[L],a2[L],(e2.g2)[L],a2[L];#f2[M],d3[M],#f2[M],a2[M],a3[L],a3[M],a3[M],d3[M],#c3[M],#f3[M],e3[M],d3[M],#c3[M],b2[M],a2[M];#c3[L],(e2.g2)[L],(e2.g2)[M],b2[M],a2[M],g2[M],#c3[L],(e2.g2)[L],(e2.g2)[M],b2[M],a2[M],g2[M];b2[L],(d2.#f2)[L],(d2.#f2)[L],a2[M],a2[M],#g2[L],a2[L],#g2[L],a2[L];g2[M],e2[M],g2[M],a2[M],a3[L],a2[M],a2[M],(e2.#g2)[L],a2[L],(e2.g2)[L],a2[L];#f2[M],d2[M],#f2[M],a2[M],a3[L],a2[M],a2[M],d3[M],#c3[M],#f3[M],e3[M],d3[M],#c3[M],b2[M],a2[M];#c3[M],b2[M],#a2[M],b2[M],a2[M],g2[M],b2[M],e2[M],#f2[M],g2[M],#g2[M],a2[M],#a2[M],b2[M],c3[M],#c3[M];d3[L],(d2.#f2.d3)[M],(d2.#f2.d3)[M],(d2.#f2.d3)[M],#f2[M],a2[M],d3[M],#f3[M],e3[M],d3[M],#c3[M],b2[M],a2[M],g2[M],#f2[M];f2[M],#f2[M],f2[M],#f2[M],f2[M],#f2[M],g2[M],a2[M],b2[M],a2[M],g2[M],#f2[M],g2[M],#f2[M],e2[M],d2[M];#c2[M],d2[M],e2[M],#f2[M],g2[M],a2[M],b2[M],#c3[M],e3[M],d3[M],#c3[M],b2[M],a2[M],g2[M],#f2[M],e2[M];#d2[M],e2[M],#d2[M],e2[M],#d2[M],e2[M],#f2[M],g2[M],a2[M],g2[M],#f2[M],e2[M],#f2[M],e2[M],d2[M],#c2[M];d2[M],e2[M],#f2[M],g2[M],a2[M],b2[M],#c3[M],d3[M],#f3[M],e3[M],d3[M],#c3[M],b2[M],a2[M],g2[M],#f2[M];","#c[M],V,(g.a)[M],V,(A-1)[L],(g.a)[M],V,#c[M],V,(g.a)[M],V,(A-1)[M],V,(g.a)[M],V;d[M],V,(#f.a)[M],V,(A-1)[L],(#f.a)[M],V,d[M],V,(#f.a)[M],V,(A-1)[M],V,(#f.a)[M],V;e[L],(g.a.#c1)[L],(g.a.#c1)[M],V,U,(A-1)[L],(g.a.#c1)[L],(g.a.#c1)[M],V,U;d[L],(#f.a.d1)[L],(#f.a.d1)[L],U,S;#c[M],V,(g.a)[M],V,(A-1)[L],(g.a)[M],V,#c[L],(g.a)[M],V,(A-1)[L],(g.a)[M],V;d[M],V,(#f.a)[M],V,(A-1)[M],V,(#f.a)[M],V,d[M],V,(#f.a)[M],V,(#F-1)[M],V,(d.a)[M],V;(G-1)[M],V,(e.g)[M],V,(E-1)[M],V,(e.g.b)[M],V,(A-1)[M],V,(d.#f.a)[M],V,(A-1)[M],V,(e.g.a)[M],V;(d.#f.a)[M],V,(d.#f.a.d1)[M],V,(d.#f.a.d1)[M],V,U,d[M],V,(#f.a)[M],V,(A-1)[M],V,(#f.a)[M],V;d[M],V,(#f.a)[M],V,(A-1)[M],V,(#f.a)[M],V,d[M],V,(#f.a)[M],V,(A-1)[M],V,(#f.a)[M],V;e[M],V,(g.a)[M],V,(A-1)[M],V,(g.a)[M],V,#c[M],V,(g.a)[M],V,(A-1)[M],V,(g.a)[M],V;#c[M],V,(g.a)[M],V,(A-1)[M],V,(g.a)[M],V,e[M],V,(g.a)[M],V,(A-1)[M],V,(g.a)[M],V;d[M],V,(#f.a)[M],V,(A-1)[M],V,(#f.a)[M],V,d[M],V,(#f.a)[M],V,(A-1)[M],V,(#f.a)[M],V;"]},{"id":3,"baseBeats":0.25,"scores":["f2[M],#f2[M],f2[M],#f2[M],f2[M],#f2[M],g2[M],a2[M],b2[M],a2[M],g2[M],#f2[M],g2[M],#f2[M],e2[M],d2[M];#c2[M],d2[M],#c2[M],b1[M],#c2[M],#c3[M],b2[M],a2[M],#g2[M],a2[M],#g2[M],#f2[M],#g2[M],d3[M],#c3[M],b2[M];a2[M],b2[M],a2[M],#g2[M],a2[M],e3[M],d3[M],#c3[M],b2[M],a2[M],#g2[M],#f2[M],e2[M],d2[M],#c2[M],b1[M];a1[L],#c2[M],e2[M],a2[L],a2[M],a2[M],#g2[L],a2[L],#g2[L],a2[L];g2[M],e2[M],g2[M],a2[M],a3[L],a2[M],a2[M],(e2.#g2)[L],a2[L],(e2.g2)[L],a2[L];#f2[M],d2[M],#f2[M],a2[M],a3[L],a2[M],a2[M],d3[M],#c3[M],#f3[M],e3[M],d3[M],#c3[M],b2[M],a2[M];#c3[L],(e2.g2)[L],(e2.g2)[M],b2[M],a2[M],g2[M],#c3[L],(e2.g2)[L],(e2.g2)[M],b2[M],a2[M],g2[M];b2[L],(d2.#f2)[L],(d2.#f2)[L],a2[M],a2[M],#g2[L],a2[L],#g2[L],a2[L];g2[M],e2[M],g2[M],a2[M],a3[L],a2[M],a2[M],(e2.#g2)[L],a2[L],(e2.g2)[L],a2[L];#f2[M],d2[M],#f2[M],a2[M],a3[L],a2[M],a2[M],d3[M],#c3[M],#f3[M],e3[M],d3[M],#c3[M],b2[M],a2[M];#c3[M],b2[M],#a2[M],b2[M],a2[M],g2[M],b2[M],e2[M],#f2[M],g2[M],#g2[M],a2[M],#a2[M],b2[M],c3[M],#c3[M];d3[L],(d2.#f2.d3)[M],(d2.#f2.d3)[M],(d2.#f2.d3)[K];","d[M],V,(#f.a)[M],V,(A-1)[M],V,(#f.a)[M],V,d[M],V,(#f.a)[M],V,(A-1)[M],V,(#f.a)[M],V;e[M],V,(a.#c1.e1)[M],V,(a.#c1.e1)[K],b[M],V,(d1.e1)[M],V,e[M],V,(d1.e1)[M],V;a[M],V,(#c1.e1)[M],V,#c[M],V,(a.e1)[M],V,d[M],V,(#f.b.d1)[M],V,e[M],V,(#g.d1.e1)[M],V;(#f.a.#c1)[M],V,U,T,S;#c[M],V,(g.a)[M],V,(A-1)[M],V,(g.a)[M],V,#c[M],V,(g.a)[M],V,(A-1)[M],V,(g.a)[M],V;d[M],V,(#f.a)[M],V,(A-1)[M],V,(#f.a)[M],V,d[M],V,(#f.a)[M],V,(A-1)[M],V,(#f.a)[M],V;e[L],(g.a.#c1)[L],(g.a.#c1)[M],V,U,(A-1)[L],(g.a.#c1)[L],(g.a.#c1)[M],V,U;d[L],(#f.a.d1)[L],(#f.a.d1)[M],V,U,S;#c[M],V,(g.a)[M],V,(A-1)[M],V,(g.a)[M],V,#c[M],V,(g.a)[M],V,(A-1)[M],V,(g.a)[M],V;d[M],V,(#f.a)[M],V,(A-1)[M],V,(#f.a)[M],V,d[M],V,(#f.a)[M],V,(#F-1)[M],V,(d.a)[M],V;(G-1)[M],V,(e.g)[M],V,(E-1)[M],V,(e.g.b)[M],V,(A-1)[M],V,(d.#f.a)[M],V,(A-1)[M],V,(e.g.a)[M],V;(d.#f.a)[M],V,(d.#f.a.d1)[M],V,(d.#f.a.d1)[K];"]}]}