{"baseBpm":95,"musics":[{"id":1,"baseBeats":0.5,"scores":["(g2.c3.g3)[K],(#f2.#f3)[L],(e2.e3)[L],(b1.#f2.b2)[K],(a1.a2)[K];(#f2.b2.#f3)[K],(e2.e3)[L],(d2.d3)[L],(a1.e2.a2)[K],(g1.g2)[K];(c2.g2.c3)[K],(b1.b2)[L],(a1.a2)[L],(g1.d2.g2)[K],(#f1.#f2)[K];(b1.e2.b2)[I];U,b1[L],#d2[L],e2[L],e2[K],a1[K];U,a1[L],c2[L],d2[L],d2[J];U,g1[L],b1[L],c2[L],e2[K],c2[K];b1[I];(g.e1)[L],(g.e1)[L],#d1[L],b[L],(g.e1)[K],(c1.a1)[K];(b.g1)[L],(b.g1)[L],5<(a.#f1)[M],e1[M]>,#f1[L],(g.e1)[J];(g.e1)[L],(g.e1)[L],#d1[L],b[L],(g.e1)[K],(c1.a1)[K];(c1.g1)[L],(c1.g1)[L],5<#f1[M],e1[M]>,#f1[L],(b.g1)[J];(d1.b1)[L],(d1.b1)[L],c2[L],b1[L],(c1.a1)[K],g1[L],#f1[L];(c1.e1)[L],d1[L],g1[L],a1[L],(d1.b1)[J];b[L],(#d1.b1)[L],#a1[L],a1[L],(b.g1)[L],(b.g1)[L],#f1[L],e1[L];(#d.a.b)[L],b[L],b[L],b[L],(g.b.e1)[J];","(A-1)[L],e[L],c1[L],e[L],(D-1)[L],#f[L],d1[L],a[L];(G-1)[L],d[L],b[L],g[L],(C-1)[L],(G-1)[L],e[L],c[L];(A-1)[L],e[L],c1[K],(#F-1)[L],e[L],(a.c1)[K];(E-1)[L],(B-1)[L],#f[L],g[L],(e.b)[K],(B-1.e)[K];(E-1)[L],(B-1)[L],e[L],b[L],g1[L],e1[L],e[L],(E-1)[L];(A-1)[L],e[L],a[L],b[L],d1[L],c1[L],b[L],e[L];(G-1)[L],(B-1)[L],e[L],#f[L],b[L],g[L],e[L],(B-1)[L];(E-1)[L],(B-1)[L],e[L],#f[L],(B-1@e@b)[J];(E-1.e)[K],(B-1)[K],(E-1.e)[K],(A-1)[K];(G-1.B-1)[K],(#F-1.B-1)[K],(E-1.e)[K],(B-1)[K];(E-1.e)[K],(B-1)[K],(E-1.e)[K],(A-1)[K];(D-1.d)[K],(D-1)[K],(G-1)[L],d[L],g[L],b[L];(G-1)[L],d[L],g[L],b[L],(A-1)[L],e[L],a[K];(D-1)[L],(A-1)[L],d[K],(G-1)[L],d[L],g[L],b[L];(B-1)[L],#f[L],b[L],#d[L],e[L],(E-1)[L],(A-1)[L],(#A-1)[L];(B-1.e)[L],(B-1)[L],(B-1.e)[L],(B-1)[L],(E-1)[J];"]},{"id":2,"baseBeats":0.5,"scores":["e2[L],e3[L],(d2.d3)[L],(#c2.#c3)[L],(c2.e2.c3)[K],(b1.b2)[L],(a1.a2)[L];(b1.#d2.b2)[L],(b1.#d2.b2)[L],(b1.#d2.b2)[L],(b1.#d2.b2)[L],(e2.g2.e3)[J];(g2.c3.g3)[K],(#f2.#f3)[L],(e2.e3)[L],(b1.#f2.b2)[K],(a1.a2)[K];(#f2.b2.#f3)[K],(e2.e3)[L],(d2.d3)[L],(a1.e2.a2)[K],(g1.g2)[K];(c2.g2.c3)[K],(b1.b2)[L],(a1.a2)[L],(g1.d2.g2)[K],(#f1.#f2)[K];(b1.e2.b2)[I];(g.e1)[L],(g.e1)[L],#d1[L],b[L],(g.e1)[K],(c1.a1)[K];(b.g1)[L],(b.g1)[L],5<(a.#f1)[M],e1[M]>,#f1[L],(g.e1)[J];(g.e1)[L],(g.e1)[L],#d1[L],b[L],(g.e1)[K],(c1.a1)[K];(c1.g1)[L],(c1.g1)[L],5<#f1[M],e1[M]>,#f1[L],(b.g1)[J];(d1.b1)[L],(d1.b1)[L],c2[L],b1[L],(c1.a1)[K],g1[L],#f1[L];(c1.e1)[L],d1[L],g1[L],a1[L],(d1.b1)[J];b[L],(#d1.b1)[L],#a1[L],a1[L],(b.g1)[L],(b.g1)[L],#f1[L],e1[L];(#d.a.b)[L],b[L],b[L],b[L],(g.b.e1)[J];e2[L],e3[L],(d2.d3)[L],(#c2.#c3)[L],(c2.e2.c3)[K],(b1.b2)[L],(a1.a2)[L];(b1.#d2.b2)[L],(b1.#d2.b2)[L],(b1.#d2.b2)[L],(b1.#d2.b2)[L],(e2.g2.e3)[J];(g1.e2)[L],(g1.e2)[L],#d2[L],b1[L],(g1.e2)[K],(c2.a2)[K];(b1.g2)[L],(b1.g2)[L],5<(a1.#f2)[M],e2[M]>,#f2[L],(g1.e2)[J];","(A-1)[L],e[L],c1[K],(#F-1)[L],e[L],(a.c1)[K];(B-1.a)[L],(B-1)[L],(B-1.a)[L],(B-1)[L],(E-1.e)[J];(A-1)[L],e[L],c1[L],e[L],(D-1)[L],#f[L],d1[L],a[L];(G-1)[L],d[L],b[L],g[L],(C-1)[L],(G-1)[L],e[L],c[L];(A-1)[L],e[L],c1[K],(#F-1)[L],e[L],(a.c1)[K];(E-1)[L],(B-1)[L],#f[L],g[L],(B-1.e.b)[K],(B-1)[K];(E-1.e)[K],(B-1)[K],(E-1.e)[K],(A-1)[K];(G-1.B-1)[K],(#F-1.B-1)[K],(E-1.e)[K],(B-1)[K];(E-1.e)[K],(B-1)[K],(E-1.e)[K],(A-1)[K];(D-1.d)[K],(D-1)[K],(G-1)[L],d[L],g[L],b[L];(G-1)[L],d[L],g[L],b[L],(A-1)[L],e[L],a[K];(D-1)[L],(A-1)[L],d[K],(G-1)[L],d[L],g[L],b[L];(B-1)[L],#f[L],b[L],#d[L],e[L],(E-1)[L],(A-1)[L],(#A-1)[L];(B-1.e)[L],(B-1)[L],(B-1.e)[L],(B-1)[L],(E-1)[J];(A-1)[L],e[L],c1[K],(#F-1)[L],e[L],(a.c1)[K];(B-1.a)[L],(B-1)[L],(B-1.a)[L],(B-1)[L],(E-1.e)[J];(E-1.e)[L],(E-1)[L],#f[L],g[L],b[L],g[L],#f[L],e[L];(G-1.g)[L],(G-1)[L],a[L],(A-1)[L],e[L],#f[L],g[L],a[L];"]},{"id":3,"baseBeats":0.5,"scores":["(g1.e2)[L],(g1.e2)[L],#d2[L],b1[L],(g1.e2)[K],(c2.a2)[K];(b1.g2)[L],(b1.g2)[L],5<(a1.#f2)[M],e2[M]>,#f2[L],(g1.g2)[J];(d2.b2)[L],(d2.b2)[L],c3[L],b2[L],(c2.a2)[K],g2[L],#f2[L];(c2.e2)[L],d2[L],g2[L],a2[L],(d2.b2)[J];b1[L],(#d2.b2)[L],#a2[L],a2[L],(b1.g2)[L],(b1.g2)[L],#f2[L],e2[L];(#d1.a1.b1)[L],b1[L],b1[L],b1[L],(g1.b1.e2)[J];e3[L],e4[L],(d3.d4)[L],(#c3.#c4)[L],(c3.e3.c4)[K],(b2.b3)[L],(a2.a3)[L];(b2.#d3.b3)[L],(b2.#d3.b3)[L],(b2.#d3.b3)[L],(b2.#d3.b3)[L],(e3.g3.e4)[J];(g2.c3.g3)[LM],(#f2.#f3)[LM],(e2.e3)[L],(b1.b2)[K],(a1.a2)[K];(#f2.b2.#f3)[LM],(e2.e3)[LM],(d2.d3)[L],(a1.e2.a2)[K],(g1.g2)[K];(e2.e3)[LM],(d2.d3)[LM],(#c2.#c3)[L],(c2.e2.c3)[K],(b1.b2)[L],(a1.a2)[L];(b1.#d2.b2)[L],(b1.#d2.b2)[L],(b1.#d2.b2)[L],(b1.#d2.b2)[L],(e2.g2.e3)[K],e4[K];","(E-1.e)[L],(E-1)[L],#f[L],g[L],b[L],g[L],#f[L],e[L];(G-1.g)[L],(G-1)[L],a[L],#f[L],(G-1)[L],d[L],g[L],b[L];(G-1)[L],d[L],g[L],b[L],(A-1)[L],e[L],a[K];(D-1)[L],(A-1)[L],d[K],(G-1)[L],d[L],g[L],b[L];(B-1)[L],#f[L],b[L],#d[L],e[L],(E-1)[L],(A-1)[L],(#A-1)[L];(B-1.e)[L],(B-1)[L],(B-1.e)[L],(B-1)[L],(E-1)[J];(A-1)[L],e[L],c1[K],(#F-1)[L],e[L],(a.c1)[K];(B-1.a)[L],(B-1)[L],(B-1.a)[L],(B-1)[L],(E-1.e)[J];(A-1)[L],e[L],c1[K],(D-1)[L],#f[L],d1[L],a[L];(G-1)[L],d[L],b[K],(C-1)[L],(G-1)[L],e[L],c[L];(A-1)[L],e[L],c1[K],(#F-1)[L],e[L],(a.c1)[K];(B-1.a)[L],(B-1)[L],(B-1.a)[L],(B-1)[L],(E-1.e)[K],T;"]}]}