{"baseBpm":115,"musics":[{"id":1,"baseBeats":0.25,"scores":["U,a[M],a[M],a[L],b[L],c1[LM],b[LM],c1[L];U,a[M],a[M],a[L],b[L],c1[LM],b[LM],c1[L];U,a[M],a[M],a[L],b[L],c1[LM],b[LM],c1[L];d1[LM],c1[LM],b[L],c1[K],a3[M],e3[M],c3[M],b2[M];U,c1[M],c1[M],c1[L],d1[L],e1[LM],d1[LM],e1[L];U,c1[M],c1[M],c1[L],d1[L],e1[LM],d1[LM],e1[L];U,c1[M],c1[M],c1[L],d1[L],e1[LM],d1[LM],e1[L];g1[LM],f1[LM],d1[L],e1[L],(e1.c2.e2)[L],(a1.e2.a2)[L],(b1.#g2.b2)[L];(c2.a2.c3)[KL],(d2.d3)[L],(b1.#g2.b2)[KL],(c2.c3)[L];(a1.e2.a2)[KL],(a1.a2)[M],(b1.b2)[M],(a1.e2.a2)[L],(#g1.e2.#g2)[L],(a1.e2.a2)[L],(b1.e2.b2)[L];(c2.e2.c3)[L],(b1.e2.b2)[L],(c2.e2.c3)[L],(d2.f2.d3)[L],(e2.b2.d3.e3)[K],(e2.g2.b2.e3)[K];(e2.g2.c3.e3)[JL],U,(d2.b2.d3)[L],(e2.c3.e3)[L];(f2.d3.f3)[J],(b1.#g2.b2)[K],(c2.a2.c3)[L],(d2.b2.d3)[L];(e2.c3.e3)[J],(a1.#f2.a2)[K],(a1.#f2.a2)[L],(b1.#g2.b2)[L];(c2.a2.c3)[K],(c2.a2.c3)[L],(d2.b2.d3)[L],(b1.#g2.b2)[K],(b1.#g2.b2)[L],(c2.a2.c3)[L];(a1.e2.a2)[JL],e2[L],a2[L],(b1.b2)[L];(c2.a2.c3)[KL],(d2.d3)[L],(b1.#g2.b2)[KL],(c2.c3)[L];(a1.e2.a2)[KL],(a1.a2)[M],(b1.b2)[M],(a1.e2.a2)[L],(#g1.e2.#g2)[L],(a1.e2.a2)[L],(b1.e2.b2)[L];(c2.e2.c3)[L],(b1.e2.b2)[L],(c2.e2.c3)[L],(e2.g2.e3)[L],(g2.d3.f3.g3)[K],(f2.b2.d3.f3)[K];(e2.g2.c3.e3)[JL],U,(d2.b2.d3)[L],(e2.c3.e3)[L];(f2.d3.f3)[J],(b1.#g2.b2)[K],(c2.a2.c3)[L],(d2.b2.d3)[L];","(A-2.A-1)[L],(A-1)[L],(A-2)[L],(A-1)[L],(A-2)[L],(A-1)[L],(A-2)[L],(A-1)[L];(A-2.A-1)[L],(A-1)[L],(A-2)[L],(A-1)[L],(A-2)[L],(A-1)[L],(A-2)[L],(A-1)[L];(A-2.A-1)[L],(A-1)[L],(A-2)[L],(A-1)[L],(A-2)[L],(A-1)[L],(A-2)[L],(A-1)[L];(A-2.A-1)[K],(A-2.E-1.A-1)[K],(A-2.E-1.G-1.A-1)[L],(A-1)[L],(A-2)[L],(A-1)[L];(A-2.A-1)[L],(A-1)[L],(A-2)[L],(A-1)[L],(A-2)[L],(A-1)[L],(A-2)[L],(A-1)[L];(A-2.A-1)[L],(A-1)[L],(A-2)[L],(A-1)[L],(A-2)[L],(A-1)[L],(A-2)[L],(A-1)[L];(A-2.A-1)[L],(A-1)[L],(A-2)[L],(A-1)[L],(A-2)[L],(A-1)[L],(A-2)[L],(A-1)[L];(A-2.A-1)[K],(A-2.E-1.A-1)[K],(A-2.E-1.G-1.A-1)[L],(A-1)[L],(A-2)[L],(A-1)[L];(A-1.e.a)[L],(a.c1.e1)[L],(a.c1.e1)[L],(a.c1.e1)[L],(#G-1.e.#g)[L],(#g.b.d1)[L],(#g.b.d1)[L],(#g.b.d1)[L];(A-1.e.a)[L],(a.c1.e1)[L],(a.c1.e1)[L],(a.c1.e1)[L],(a.c1.e1)[L],(a.c1.e1)[L],(a.c1.e1)[L],(a.c1.e1)[L];(G-1.d.g)[L],(g.b.f1)[L],(g.b.f1)[L],(g.b.f1)[L],(B-1.d.g.b)[K],(B-1.f.b)[K];(c.g.c1)[L],(g.c1.e1)[M],(g.c1.e1)[M],(g.c1.e1)[L],(g.c1.e1)[L],(g.c1.e1.g1)[L],(g.c1.e1.g1)[L],(g.c1.g1)[L],U;(D-1.d)[L],(#g.b.f1)[L],(#g.b.f1)[L],(#g.b.f1)[L],(#G-1.#g)[L],U,T;(C-1.c)[L],(#f.a.e1)[L],(#f.a.e1)[L],(#f.a.e1)[L],(#F-1.#f)[L],U,T;(F-1.c.f)[L],U,T,(E-1.B-1.e)[L],U,T;(A-1.e.a)[L],a[M],b[M],(E-1.A-1.e.c1)[M],b[M],c1[M],b[M],(A-2.E-1.A-1)[L],(A-1)[L],(A-2)[L],(A-1)[L];(A-1.e.a)[L],(a.c1.e1)[L],(a.c1.e1)[L],(a.c1.e1)[L],(#G-1.e.#g)[L],(#g.b.d1)[L],(#g.b.d1)[L],(#g.b.d1)[L];(A-1.e.a)[L],(a.c1.e1)[L],(a.c1.e1)[L],(a.c1.e1)[L],(a.c1.e1)[L],(a.c1.e1)[L],(a.c1.e1)[L],(a.c1.e1)[L];(G-1.d.g)[L],(g.b.f1)[L],(g.b.f1)[L],(g.b.f1)[L],(B-1.d.g.b)[K],(B-1.f.b)[K];(c.g.c1)[L],(g.c1.e1)[M],(g.c1.e1)[M],(g.c1.e1)[L],(g.c1.e1)[L],(g.c1.e1.g1)[L],(g.c1.e1.g1)[L],(g.c1.g1)[L],U;(D-1.d)[L],(#g.b.f1)[L],(#g.b.f1)[L],(#g.b.f1)[L],(#G-1.#g)[L],U,T;"]},{"id":2,"baseBeats":0.25,"scores":["(e2.c3.e3)[J],(a1.#f2.a2)[K],(a1.#f2.a2)[L],(b1.#g2.b2)[L];(c2.a2.c3)[K],(c2.a2.c3)[L],(d2.b2.d3)[L],(b1.#g2.b2)[K],(b1.#g2.b2)[L],(c2.a2.c3)[L];(a1.e2.a2)[LM],b2[M],c3[M],b2[M],c3[M],e3[M],a3[L],(a1.#c2)[L],(b1.d2)[L],(#c2.e2)[L];(d2.f2)[L],(b1.d2)[L],(e2.g2)[L],(d2.f2)[L],(c2.e2)[L],(b1.d2)[L],(a1.c2)[L],(b1.d2)[L];(c2.e2)[L],(g1.c2)[L],(c2.f2)[L],(c2.e2)[L],(b1.d2)[L],(a1.c2)[L],(g1.b1)[L],(a1.c2)[L];(b1.d2)[L],(g1.b1)[L],(c2.e2)[L],(b1.d2)[L],(a1.c2)[L],(#g1.b1)[L],(#f1.a1)[L],(#g1.b1)[L];(b1.d2)[L],(a1.c2)[L],(#g1.b1)[L],(a1.c2)[L],(#c1.e1.a1)[J];(a1.f2)[L],(f1.d2)[L],(d2.b2)[L],(c2.a2)[L],(b1.g2)[L],(a1.f2)[L],(g1.e2)[L],(f1.d2)[L];(g1.e2)[L],(e1.c2)[L],(c2.a2)[L],(b1.g2)[L],(a1.f2)[L],(g1.e2)[L],(f1.d2)[L],(e1.c2)[L];(f1.d2)[L],(d1.b1)[L],(b1.#g2)[L],(a1.f2)[L],(g1.e2)[L],(f1.d2)[L],(e1.c2)[L],(d1.b1)[L];(b.#g1)[L],(#g.f1)[L],(g.e1)[L],(f.d1)[L],(e.c1)[L],(d.b)[L],(c.a)[L],(B-1.#g)[L];e3[M],e2[M],d3[M],e2[M],c3[M],e2[M],b2[M],e2[M],a2[M],e2[M],g2[M],e2[M],f2[M],e2[M],g2[M],e2[M];d2[M],e2[M],f2[M],g2[M],a2[M],b2[M],c3[M],d3[M],e3[M],d3[M],c3[M],b2[M],a2[M],g2[M],f2[M],e2[M];d3[M],d2[M],c3[M],d2[M],b2[M],d2[M],a2[M],d2[M],g2[M],d2[M],f2[M],d2[M],e2[M],d2[M],f2[M],d2[M];c2[M],d2[M],e2[M],f2[M],g2[M],a2[M],b2[M],c3[M],d3[M],c3[M],b2[M],a2[M],g2[M],f2[M],e2[M],d2[M];(e2.c3)[L],(d2.b2)[L],(c2.a2)[L],(b1.g2)[L],(a1.f2)[L],(g1.e2)[L],(f1.d2)[L],(e1.c2)[L];(d2.b2.d3)[L],(c2.a2.c3)[L],(b1.g2.b2)[L],(a1.f2.a2)[L],(g1.e2.g2)[L],(f1.d2.f2)[L],(e1.c2.e2)[L],(d1.b1.d2)[L];(e1.#g1)[L],e1[L],e1[L],(c1.e1.a1)[L],e1[L],e1[L],(e1.#g1.b1)[L],e1[L];e1[L],(c1.e1.a1.c2)[L],e1[L],e1[L],(d1.#g1.b1.d2)[L],e1[L],(e1.#g1.c2.e2)[L],e1[L];(e1.#f1.b1)[L],#f1[L],#f1[L],(c1.#f1.a1.c2)[L],#f1[L],#f1[L],(d1.#f1.b1.d2)[L],#f1[L];#f1[L],(e1.a1.c2.e2)[L],#f1[L],#f1[L],(#f1.c2.d2.#f2)[L],#f1[L],(g1.#c2.e2.g2)[L],#f1[L];","(C-1.c)[L],(#f.a.e1)[L],(#f.a.e1)[L],(#f.a.e1)[L],(#F-1.#f)[L],U,T;(F-1.c.f)[L],U,T,(E-1.B-1.e)[L],U,T;(A-1.e.a)[K],(E-1.A-1.e)[K],(A-2.E-1.A-1)[L],(A-1.a)[L],(A-1.a)[L],(A-1.a)[L];(D-1.d)[L],(D-1.d)[L],(D-1.d)[L],(D-1.d)[L],(G-1.g)[L],(G-1.g)[L],(G-1.g)[L],(G-1.g)[L];(C-1.c)[L],(C-1.c)[L],(C-1.c)[L],(C-1.c)[L],(F-1.f)[L],(F-1.f)[L],(F-1.f)[L],(F-1.f)[L];(B-2.B-1)[L],(B-2.B-1)[L],(B-2.B-1)[L],(B-2.B-1)[L],(E-1.e)[L],(E-1.e)[L],(E-1.e)[L],(E-1.e)[L];(A-2.A-1)[L],(A-1.a)[L],(A-1.a)[L],(A-1.a)[L],(A-2.A-1)[L],(A-2.A-1)[L],(A-2.A-1)[L],(A-2.A-1)[L];(D-1.d)[L],(D-1.d)[L],(D-1.d)[L],(D-1.d)[L],(G-1.g)[L],(G-1.g)[L],(G-1.g)[L],(G-1.g)[L];(C-1.c)[L],(C-1.c)[L],(C-1.c)[L],(C-1.c)[L],(F-1.f)[L],(F-1.f)[L],(F-1.f)[L],(F-1.f)[L];(B-2.B-1)[L],(B-2.B-1)[L],(B-2.B-1)[L],(B-2.B-1)[L],(D-1.d)[L],(D-1.d)[L],(D-1.d)[L],(D-1.d)[L];(#G-1.d.f.#g)[L],U,U,(D-1.A-1.d)[L],T,(#G-2.F-1.#G-1)[L],U;(E-1.A-1)[M],(c.e.a)[LM],S,U,e[M],(A-1)[M];(F-1.d)[M],(f.a.b)[M],U,(D-1)[JK];(G-1.d)[M],(f.g.b)[LM],S,V,V,e[M],(A-1)[M];(G-1.c)[M],(e.g.c1)[M],U,(C-1)[JK];(F-1.c)[M],(f.a)[LM],S,(F-1.f)[K];(G-1.d)[M],(g.b)[LM],S,(G-1.g)[K];(#G-1.e.#g.b)[L],U,U,(A-1.e.a)[L],T,(B-1.e.b)[L],U;U,(c.e)[L],T,(d.e)[L],U,e[L],U;(B-1.#f.b)[L],U,U,(c.#f)[L],T,(d.#f)[L],U;U,(e.#f)[L],T,#f[L],U,(#f.g)[L],U;"]},{"id":3,"baseBeats":0.25,"scores":["b1[M],d2[M],#f2[M],b2[M],b1[M],d2[M],#f2[M],b2[M],b1[M],d2[M],#f2[M],b2[M],b1[M],d2[M],#f2[M],b2[M];#c2[M],e2[M],#g2[M],#c3[M],#c2[M],e2[M],#g2[M],#c3[M],#c2[M],e2[M],#g2[M],#c3[M],#c2[M],e2[M],#g2[M],#c3[M];d2[M],#f2[M],a2[M],d3[M],d2[M],#f2[M],a2[M],d3[M],d2[M],#f2[M],a2[M],d3[M],d2[M],#f2[M],a2[M],d3[M];#d2[M],#f2[M],a2[M],#d3[M],#d2[M],#f2[M],a2[M],#d3[M],#d2[M],#f2[M],a2[M],#d3[M],#d2[M],#f2[M],a2[M],#d3[M];e2[M],g2[M],b2[M],e3[M],e2[M],g2[M],b2[M],e3[M],e2[M],g2[M],b2[M],e3[M],e2[M],g2[M],b2[M],e3[M];#c2[M],f2[M],#g2[M],#c3[M],#c2[M],f2[M],#g2[M],#c3[M],#c2[M],f2[M],#g2[M],#c3[M],#c2[M],f2[M],#g2[M],#c3[M];b1[M],d2[M],#f2[M],b2[M],b1[M],d2[M],#f2[M],b2[M],b1[M],d2[M],#f2[M],b2[M],b1[M],d2[M],#f2[M],b2[M];#a1[M],#c2[M],e2[M],#a2[M],#c2[M],e2[M],#a2[M],#c3[M],e2[M],#a2[M],#c3[M],e3[M],#a2[M],#c3[M],e3[M],#a3[M];d3[M],b1[M],b2[M],#f2[M],d3[M],b2[M],d2[M],b2[M],b3[M],b2[M],d3[M],b3[M],b2[M],#f3[M],d3[M],d2[M];#a3[M],#a1[M],#a2[M],#c2[M],#c3[M],#a2[M],#c2[M],#f3[M],#c3[M],#a2[M],#c3[M],#f3[M],#a2[M],#f2[M],#c3[M],#c2[M];b1[M],d2[M],#f2[M],b2[M],d3[M],#f3[M],b3[M],d4[M],#f4[M],d4[M],b3[M],#f3[M],d3[M],b2[M],#f2[M],d2[M];b1[M],d2[M],#f2[M],b2[M],d3[M],#f3[M],b3[M],d4[M],#f4[M],d4[M],b3[M],#f3[M],d3[M],b2[M],#f2[M],d2[M];e3[M],#c2[M],#c3[M],#g2[M],e3[M],#c3[M],e2[M],#c3[M],#c4[M],#c3[M],e3[M],#c4[M],#c3[M],#g3[M],e3[M],e2[M];#d3[M],#f1[M],#f2[M],#g1[M],#g2[M],#d2[M],#g1[M],c3[M],#g2[M],#d2[M],#g2[M],c3[M],#f2[M],c2[M],#g2[M],#g1[M];#c2[M],e2[M],#g2[M],#c3[M],e3[M],#g3[M],#c4[M],e4[M],#g4[M],e4[M],#c4[M],#g3[M],e3[M],#c3[M],#g2[M],e2[M];#c4[M],#c2[M],#c3[M],f2[M],f3[M],#c3[M],f2[M],#g3[M],f3[M],#c3[M],f3[M],#g3[M],#c3[M],#g2[M],f3[M],f2[M];a2[L],e2[M],#c2[M],a2[M],e2[M],a1[M],#f2[M],e3[M],e2[M],a2[M],#f3[M],#f2[M],#c3[M],a2[M],a1[M];b1[M],#c2[M],(b1.#f2.b2)[M],#a2[M],(g2.#c3.g3)[M],#a2[M],#f3[L],(e2.#c3.e3)[M],#a2[M],(d2.#f2.d3)[M],#a2[M],(#c2.#f2.#c3)[M],#a2[M],(#f2.d3)[M],#c2[M];(e2.b2.e3)[L],b2[M],#f2[M],e3[M],b2[M],e2[M],b2[M],b3[M],b2[M],e3[M],b3[M],(#f2.b2.#f3)[M],#f3[M],e3[M],b2[M];(d3.#f3)[K],a2[M],d3[M],#f3[M],a3[M],d4[M],a3[M],#f3[M],d3[M],a3[K];b3[L],g3[M],b2[M],(b2.d3.b3)[K],d3[M],b2[M],g3[M],b3[M],d3[M],b2[M],U;V,d2[M],g2[M],b2[M],d3[M],g3[M],b3[M],d4[M],g4[M],d4[M],(#a2.#a3)[M],g3[M],d3[M],b3[L],d2[M];#c4[L],#g3[M],#c3[M],(#c3.#d3.#c4)[K],#d3[M],#c3[M],#g3[M],#c4[M],#d3[M],#c3[M],#g2[M],#d2[M];#c2[M],#d2[M],#g2[M],#c3[M],#d3[M],#g3[M],#c4[M],#d4[M],#g4[M],#d4[M],#c4[M],#g3[M],#d3[M],#c3[M],#g2[M],#d2[M];c2[M],#d2[M],#g3[M],c3[M],#d3[M],c3[M],#g2[M],#d2[M],#d3[M],c3[M],#g3[M],c4[M],#d3[M],c3[M],#g2[M],#d2[M];c2[M],#d2[M],#g2[M],c3[M],#d3[M],#g3[M],c4[M],#d4[M],(c4.#g4)[M],(#g3.#d4)[M],(#d3.c4)[M],(c3.#g3)[M],(#g2.#d3)[M],(#d2.c3)[M],(c2.#g2)[M],(#d1.#g1.#d2)[M];(#g.#d1.#g1)[J],T;","(B-2.B-1)[I];(#C-1.#c)[I];(D-1.d)[I];(#D-1.#d)[J],(E-1.e)[K],(#F-1.#f)[K];(G-1.g)[J],(E-1.e)[J];(#c.#g.#c1)[J],(B-1.#f.b)[J];(B-1.#f.b)[I];(#A-1.#f.#a)[I];(#F-1.B-1.#f)[KL],(#f.b.#c1.#f1)[L],#f1[K],(#F-1.#f)[K];(F-1.#A-1.f)[KL],(f.#a.#c1.f1)[KL],(F-1.f)[K];(B-2.#F-1.B-1)[KL],(b.#f1.a1.b1)[L],(b.#f1.a1.b1)[K],(B-2.B-1)[K];(B-2.#F-1.B-1)[KL],(b.#f1.a1.b1)[L],(b.#f1.a1.b1)[K],(B-2.B-1)[K];(#G-1.#c.#g)[KL],(#g.#c1.#d1.#g1)[KL],(#G-1.#g)[K];(#F-1.c.#f)[KL],(#g.c1.#d1.#f1)[KL],(#F-1.#f)[K];(#C-1.#G-1.#c)[KL],(#c1.e1.b1.#c2)[L],(#c1.e1.b1.#c2)[K],(#C-1.#c)[K];(#C-1.#G-1.#c)[KL],(#c1.f1.b1.#c2)[L],(#c1.f1.b1.#c2)[K],(#C-1.#c)[K];(A-2.A-1)[L],e[L],(a.#c1.e1)[L],e[L],(a.#c1.e1)[L],e[L],(a.#c1.e1)[L],(A-1)[L];(B-2.B-1)[L],#f[L],(#c1.d1.#f1)[L],#f2[M],#c2[M],(B-1.b)[L],#f[L],(#c1.d1.#f1)[L],d2[L];(E-1.e)[L],b[L],(e1.#f1.b1)[L],b[L],(e1.#f1.b1)[L],b[L],(e1.#f1.b1)[L],b[L];(D-1.d)[L],a[L],(d1.#f1.a1)[L],a[L],d[L],a[L],(d1.#f1.a1)[L],a[L];(G-2.G-1)[L],d[L],(g.b)[L],d[L],(G-1.g)[L],d[L],(g.b)[L],d[L];(G-2.G-1)[L],d[L],(g.b.d1)[L],d[L],(G-1.g)[L],d[L],(g.b.d1)[L],d[L];(#C-1.#c)[L],#g[L],(#c1.#d1.#g1)[L],#g[L],#c[L],#g[L],(#c1.#d1.#g1)[L],#g[L];(#C-1.#c)[L],#g[L],(#c1.#d1.#g1)[L],#g[L],#c[L],#g[L],(#c1.#d1.#g1)[L],#g[L];(#G-2.#G-1)[L],#g[L],(c1.#d1.#g1)[L],#g[L],(#G-1.#g)[L],#g[L],(c1.#d1.#g1)[L],#g[L];(#G-2.#G-1)[L],#g[L],(c1.#d1.#g1)[L],#g[L],(#G-1.#g)[L],(#d.#d1)[L],(#g.#d1)[L],(#G-1.#g)[L];(#G-2.#F-1)[K],(#c.#c1.#d1)[J];"]}]}