{"baseBpm":150,"musics":[{"id":1,"baseBeats":0.5,"scores":["(c1~c1~c1)[K];c1[J],(c1~c1~c1)[K];c1[J],(c1~c1~c1)[K];(c1.e1)[K],(c1.e1~c1.e1~c1.e1)[K],(c1.e1)[K],(c1.e1~c1.e1~c1.e1)[K];(c1.e1.g1)[K],(c1.e1.g1~c1.e1.g1~c1.e1.g1)[K],(c1.e1.g1)[K],(c1.e1.g1~c1.e1.g1~c1.e1.g1)[K];(e1.#f1.c2)[J],(#d1.#f1.b1)[KL],(#d1.#f1)[L];(#f1.a1)[K],(e1.g1)[K],(a.d1.f1)[K],(a.d1)[K];5<c1[M],d1[M]>,5<c1[M],d1[M]>,5<c1[M],d1[M]>,5<c1[M],d1[M]>,(g.b.d1)[K],g[L],5<d1[M],V>;(g.c1.e1)[K],c1[L],e1[L],g1[L],c2[L],e2[L],g2[L];(e2.#f2.c3)[J],(#d2.#f2.b2)[KL],(#d2.#f2)[L];(#f2.a2)[K],(e2.g2)[K],(a1.d2.f2)[K],(a1.d2)[K];5<c2[M],d2[M]>,5<c2[M],d2[M]>,5<c2[M],d2[M]>,5<c2[M],d2[M]>,(g1.b1.d2)[K],(g1.b1.d2)[L],5<e2[M],V>;(g1.b1.d2)[J],T,(c1~c1~c1)[K];c1[K],(c1~e1~g1)[K],c2[K],(c1~c1~c1)[K];c1[K],(e1~g1~c2)[K],e2[K],(c1~c1~c1)[K];(c1.e1)[K],(e1~g1~c2)[K],e2[K],(g1~c2~e2)[K];g2[K],(g1~c2~e2)[K],g2[K],(c2~e2~g2)[K];(e2.#f2.c3)[J],(#d2.#f2.b2)[KL],(#d2.#f2)[L];(#f2.a2)[K],(e2.g2)[K],(a1.d2.f2)[K],(a1.d2)[K];5<c2[M],d2[M]>,5<c2[M],d2[M]>,5<c2[M],d2[M]>,5<c2[M],d2[M]>,(g1.b1.d2)[K],g1[L],5<d2[M],V>;(g1.c2.e2)[K],c1[L],e1[L],g1[L],c2[L],e2[L],g2[L];","T;ST;ST;R;R;R;b[J],S;R;R;R;b1[J],S;R;R;R;R;S,(c1.e1)[K],T;(c1.e1.g1)[K],T,(c1.e1.g1)[K],T;R;b1[J],S;R;R;","T;ST;ST;R;R;(A-1.a)[J],(B-1.a)[KL],(B-1)[L];#d[K],e[K],f[K],f[K];(G-1.e)[KL],(G-1.e)[L],(G-1.f)[K],(G-1.f)[K];(c.e)[K],c[L],e[L],g[L],c[L],e[L],g[L];(A-1.a)[J],(B-1.a)[KL],(B-1)[L];#d[K],e[K],(F-1.f)[K],(F-1.f)[K];(G-1.e)[KL],(G-1.e)[L],(G-1.f)[K],(G-1.f)[K];(G-1.f)[J],c[K],T;R;R;R;R;(A-1.a)[J],(B-1.a)[KL],(B-1)[L];#d[K],e[K],(F-1.f)[K],(F-1.f)[K];(G-1.e)[KL],(G-1.e)[L],(G-1.f)[K],(G-1.f)[K];(c.e)[K],c[L],e[L],g[L],c[L],e[L],g[L];"]},{"id":2,"baseBeats":0.5,"scores":["(e2.#f2.c3)[J],(#d2.#f2.b2)[KL],(#d2.#f2)[L];(#f2.a2)[K],(e2.g2)[K],(a1.d2.f2)[K],(a1.d2)[K];5<c2[M],d2[M]>,5<c2[M],d2[M]>,5<c2[M],d2[M]>,5<c2[M],d2[M]>,(g1.b1.d2)[K],(g1.b1.d2)[L],5<e2[M],V>;(g1.b1.d2)[J],c1[K],T;(e1.g1.c2)[J],(e1.g1.c2)[KL],(e1.g1.c2)[L];(c2.e2)[K],(b1.d2)[K],(d1.f1.b1)[K],(d1.g1)[K];(e1.g1)[KL],5<(e1.g1.c2)[M],V>,(e1.g1.c2)[KL],5<(g1.c2.e2)[M],V>;(c2.e2)[K],(b1.d2)[K],(d1.f1.b1)[K],(d1.f1.g1)[K];(e1.g1)[KL],5<(e1.g1.c2)[M],V>,(e1.g1.c2)[KL],5<(g1.c2.e2)[M],V>;(a1.c2.e2.g2)[J],(a1.d2.f2)[K],(g1.c2.e2)[K];(a1.c2.d2)[K],(a1.#c2)[L],5<e2[M],V>,(a1.d2)[K],a1[L],5<c2[M],V>;(g1.b1)[K],(g1.g2)[K],(a1.a2)[K],(b1.b2)[K];(e2.#f2.c3)[J],(#d2.#f2.b2)[KL],(#d2.#f2)[L];(#f2.a2)[K],(e2.g2)[K],(a1.d2.f2)[K],(a1.d2)[K];5<c2[M],d2[M]>,5<c2[M],d2[M]>,5<c2[M],d2[M]>,5<c2[M],d2[M]>,(g1.b1.d2)[K],g1[L],5<d2[M],V>;(g1.c2.e2)[K],c1[L],e1[L],g1[L],c2[L],e2[L],g2[L];(e2.#f2.c3)[J],(#d2.#f2.b2)[KL],(#d2.#f2)[L];(#f2.a2)[K],(e2.g2)[K],(a1.d2.f2)[K],(a1.d2)[K];5<c2[M],d2[M]>,5<c2[M],d2[M]>,5<c2[M],d2[M]>,5<c2[M],d2[M]>,(g1.b1.d2)[K],(g1.b1.d2)[L],5<e2[M],V>;d2[J],c2[K],T;","R;b1[J],S;R;R;R;g1[J],S;R;g1[J],S;R;R;R;R;R;b1[J],S;R;R;R;b1[J],S;R;R;","(A-1.a)[J],(B-1.a)[KL],(B-1)[L];#d[K],e[K],(F-1.f)[K],(F-1.f)[K];(G-1.e)[KL],(G-1.e)[L],(G-1.f)[K],(G-1.f)[K];(G-1.f)[J],c[K],T;c[J],c[KL],c[L];(G-1.g)[JK],(G-1.B-1)[K];c[K],c[K],e[K],c[K];(G-1.g)[JK],(G-1.B-1)[K];c[K],(G-1)[K],(E-1)[K],(C-1.c)[K];(F-1.f)[JK],(F-1.f)[K];d[K],e[K],#f[K],(#F-1)[K];(G-1)[K],g[K],a[K],b[K];(A-1.a)[J],(B-1.a)[KL],(B-1)[L];#d[K],e[K],(F-1.f)[K],(F-1.f)[K];(G-1.e)[KL],(G-1.e)[L],(G-1.f)[K],(G-1.f)[K];(c.e)[K],c[L],e[L],g[L],c[L],e[L],g[L];(A-1.a)[J],(B-1.a)[KL],(B-1)[L];#d[K],e[K],(F-1.f)[K],(F-1.f)[K];(G-1.e)[KL],(G-1.e)[L],(G-1.f)[K],(G-1.f)[K];(G-1.f)[J],c[K],T;"]},{"id":3,"baseBeats":0.5,"scores":["(e1.g1.c2)[J],(e1.g1.c2)[KL],(e1.g1.c2)[L];(c2.e2)[K],(b1.d2)[K],(d1.f1.b1)[K],(d1.g1)[K];(e1.g1)[KL],5<(e1.g1.c2)[M],V>,(e1.g1.c2)[KL],5<(g1.c2.e2)[M],V>;(c2.e2)[K],(b1.d2)[K],(d1.f1.b1)[K],(d1.f1.g1)[K];(e1.g1)[KL],5<(e1.g1.c2)[M],V>,(e1.g1.c2)[KL],5<(g1.c2.e2)[M],V>;(a1.c2.e2.g2)[J],(a1.d2.f2)[K],(g1.c2.e2)[K];(a1.c2.d2)[K],(a1.#c2)[L],5<e2[M],V>,(a1.d2)[K],a1[L],5<c2[M],V>;(g1.b1)[K],(g1.g2)[K],(a1.a2)[K],(b1.b2)[K];(e2.#f2.c3)[J],(#d2.#f2.b2)[KL],(#d2.#f2)[L];(#f2.a2)[K],(e2.g2)[K],(a1.d2.f2)[K],(a1.d2)[K];5<c2[M],d2[M]>,5<c2[M],d2[M]>,5<c2[M],d2[M]>,5<c2[M],d2[M]>,(g1.b1.d2)[K],g1[L],5<d2[M],V>;(g1.c2.e2)[K],c1[L],e1[L],g1[L],c2[L],e2[L],g2[L];(e2.#f2.c3)[J],(#d2.#f2.b2)[KL],(#d2.#f2)[L];(#f2.a2)[K],(e2.g2)[K],(a1.d2.f2)[K],(a1.d2)[K];5<c2[M],d2[M]>,5<c2[M],d2[M]>,5<c2[M],d2[M]>,5<c2[M],d2[M]>,(g1.b1.d2)[K],(g1.b1.d2)[L],5<e2[M],V>;(g1.b1.d2)[J],(g1.c2)[K],T;","R;g1[J],S;R;g1[J],S;R;R;R;R;R;b1[J],S;R;R;R;b1[J],S;R;R;","c[J],c[KL],c[L];(G-1.g)[JK],(G-1.B-1)[K];c[K],c[K],e[K],c[K];(G-1.g)[JK],(G-1.B-1)[K];c[K],(G-1)[K],(E-1)[K],(C-1.c)[K];(F-1.f)[JK],(F-1.f)[K];(F-1)[K],f[K],#f[K],(#F-1)[K];(G-1)[K],g[K],a[K],b[K];(A-1.a)[J],(B-1.a)[KL],(B-1)[L];#d[K],e[K],(F-1.f)[K],(F-1.f)[K];(G-1.e)[KL],(G-1.e)[L],(G-1.f)[K],(G-1.f)[K];(c.e)[K],c[L],e[L],g[L],c[L],e[L],g[L];(A-1.a)[J],(B-1.a)[KL],(B-1)[L];#d[K],e[K],(F-1.f)[K],(F-1.f)[K];(G-1.e)[KL],(G-1.e)[L],(G-1.f)[K],(G-1.f)[K];(G-1.f)[J],(c.e)[K],T;"]}]}